id,semantic,tags,category,description
Coffee I(L)NY ,coffee-i(l)ny,"i(l)ny,coffee",ui,Coffee I(L)Ny icon
YUV color space,yuv-color-space,"space,color,yuv",ui,Yuv Color Space icon
Zoom auto,zoom-auto,"zoom,auto",ui,Zoom Auto icon
Zoom,zoom,zoom,ui,Zoom icon
10_24x24,10-24x24,"10,24x24",ui,10 24X24 icon
11_24x24,11-24x24,"24x24,11",ui,11 24X24 icon
12_24x24,12-24x24,"24x24,12",ui,12 24X24 icon
1_24x24,1-24x24,"24x24,1",ui,1 24X24 icon
13_24x24,13-24x24,"24x24,13",ui,13 24X24 icon
14_24x24,14-24x24,"14,24x24",ui,14 24X24 icon
15_24x24,15-24x24,"15,24x24",ui,15 24X24 icon
16_24x24,16-24x24,"16,24x24",ui,16 24X24 icon
16_colors_32x32,16-colors-32x32,"16,32x32,colors",ui,16 Colors 32X32 icon
17_24x24,17-24x24,"24x24,17",ui,17 24X24 icon
18_24x24,18-24x24,"18,24x24",ui,18 24X24 icon
19_24x24,19-24x24,"24x24,19",ui,19 24X24 icon
20_24x24,20-24x24,"24x24,20",ui,20 24X24 icon
21_24x24,21-24x24,"24x24,21",ui,21 24X24 icon
22_24x24,22-24x24,"22,24x24",ui,22 24X24 icon
2_24x24,2-24x24,"24x24,2",ui,2 24X24 icon
23_24x24,23-24x24,"23,24x24",ui,23 24X24 icon
24_20x20,24-20x20,"20x20,24",ui,24 20X20 icon
25_24x24,25-24x24,"24x24,25",ui,25 24X24 icon
256_colors_32x32,256-colors-32x32,"32x32,colors,256",ui,256 Colors 32X32 icon
26_24x24,26-24x24,"24x24,26",ui,26 24X24 icon
27_24x24,27-24x24,"24x24,27",ui,27 24X24 icon
28_24x24,28-24x24,"28,24x24",ui,28 24X24 icon
29_24x24,29-24x24,"29,24x24",ui,29 24X24 icon
30_24x24,30-24x24,"24x24,30",ui,30 24X24 icon
31_24x24,31-24x24,"24x24,31",ui,31 24X24 icon
32_24x24,32-24x24,"32,24x24",ui,32 24X24 icon
3_24x24,3-24x24,"24x24,3",ui,3 24X24 icon
33_24x24,33-24x24,"24x24,33",ui,33 24X24 icon
34_24x24,34-24x24,"24x24,34",ui,34 24X24 icon
35_24x24,35-24x24,"35,24x24",ui,35 24X24 icon
36_24x24,36-24x24,"24x24,36",ui,36 24X24 icon
37_24x24,37-24x24,"24x24,37",ui,37 24X24 icon
38_24x24,38-24x24,"24x24,38",ui,38 24X24 icon
39_24x24,39-24x24,"24x24,39",ui,39 24X24 icon
3d_bar_chart_16x16,3d-bar-chart-16x16,"3d,bar,16x16,chart",ui,3D Bar Chart 16X16 icon
3d_bar_chart_32x32,3d-bar-chart-32x32,"3d,bar,32x32,chart",ui,3D Bar Chart 32X32 icon
3d_bar_chart_48x48,3d-bar-chart-48x48,"3d,48x48,bar,chart",ui,3D Bar Chart 48X48 icon
3d_chart_32x32,3d-chart-32x32,"3d,32x32,chart",ui,3D Chart 32X32 icon
3d_graph_32x32,3d-graph-32x32,"3d,graph,32x32",ui,3D Graph 32X32 icon
40_24x24,40-24x24,"24x24,40",ui,40 24X24 icon
41_24x24,41-24x24,"41,24x24",ui,41 24X24 icon
42_24x24,42-24x24,"24x24,42",ui,42 24X24 icon
4_24x24,4-24x24,"24x24,4",ui,4 24X24 icon
42a_24x24,42a-24x24,"24x24,42a",ui,42A 24X24 icon
43_24x24,43-24x24,"43,24x24",ui,43 24X24 icon
44_24x24,44-24x24,"24x24,44",ui,44 24X24 icon
45_24x24,45-24x24,"24x24,45",ui,45 24X24 icon
46_24x24,46-24x24,"24x24,46",ui,46 24X24 icon
47_24x24,47-24x24,"47,24x24",ui,47 24X24 icon
48_24x24,48-24x24,"24x24,48",ui,48 24X24 icon
49_24x24,49-24x24,"49,24x24",ui,49 24X24 icon
50_24x24,50-24x24,"50,24x24",ui,50 24X24 icon
51_24x24,51-24x24,"51,24x24",ui,51 24X24 icon
52_24x24,52-24x24,"52,24x24",ui,52 24X24 icon
5_24x24,5-24x24,"24x24,5",ui,5 24X24 icon
53_24x24,53-24x24,"24x24,53",ui,53 24X24 icon
54_24x24,54-24x24,"24x24,54",ui,54 24X24 icon
55_24x24,55-24x24,"24x24,55",ui,55 24X24 icon
56_24x24,56-24x24,"24x24,56",ui,56 24X24 icon
57_24x24,57-24x24,"24x24,57",ui,57 24X24 icon
58_24x24,58-24x24,"24x24,58",ui,58 24X24 icon
59_24x24,59-24x24,"59,24x24",ui,59 24X24 icon
60_24x24,60-24x24,"24x24,60",ui,60 24X24 icon
61_24x24,61-24x24,"24x24,61",ui,61 24X24 icon
62_24x24,62-24x24,"62,24x24",ui,62 24X24 icon
6_24x24,6-24x24,"6,24x24",ui,6 24X24 icon
63_24x24,63-24x24,"24x24,63",ui,63 24X24 icon
64_24x24,64-24x24,"64,24x24",ui,64 24X24 icon
65_24x24,65-24x24,"24x24,65",ui,65 24X24 icon
66_24x24,66-24x24,"66,24x24",ui,66 24X24 icon
67_24x24,67-24x24,"67,24x24",ui,67 24X24 icon
68_24x24,68-24x24,"68,24x24",ui,68 24X24 icon
69_24x24,69-24x24,"69,24x24",ui,69 24X24 icon
70_24x24,70-24x24,"24x24,70",ui,70 24X24 icon
71_24x24,71-24x24,"24x24,71",ui,71 24X24 icon
72_24x24,72-24x24,"24x24,72",ui,72 24X24 icon
7_24x24,7-24x24,"7,24x24",ui,7 24X24 icon
73_24x24,73-24x24,"24x24,73",ui,73 24X24 icon
74_24x24,74-24x24,"74,24x24",ui,74 24X24 icon
75_24x24,75-24x24,"75,24x24",ui,75 24X24 icon
76_24x24,76-24x24,"76,24x24",ui,76 24X24 icon
77_24x24,77-24x24,"24x24,77",ui,77 24X24 icon
78_24x24,78-24x24,"78,24x24",ui,78 24X24 icon
79_24x24,79-24x24,"79,24x24",ui,79 24X24 icon
80_24x24,80-24x24,"80,24x24",ui,80 24X24 icon
81_24x24,81-24x24,"24x24,81",ui,81 24X24 icon
82_24x24,82-24x24,"24x24,82",ui,82 24X24 icon
8_24x24,8-24x24,"8,24x24",ui,8 24X24 icon
83_24x24,83-24x24,"83,24x24",ui,83 24X24 icon
84_24x24,84-24x24,"84,24x24",ui,84 24X24 icon
85_24x24,85-24x24,"24x24,85",ui,85 24X24 icon
86_24x24,86-24x24,"86,24x24",ui,86 24X24 icon
87_24x24,87-24x24,"24x24,87",ui,87 24X24 icon
88_24x24,88-24x24,"24x24,88",ui,88 24X24 icon
89_24x24,89-24x24,"24x24,89",ui,89 24X24 icon
8ball_32x32,8ball-32x32,"8ball,32x32",ui,8Ball 32X32 icon
90_24x24,90-24x24,"24x24,90",ui,90 24X24 icon
91_24x24,91-24x24,"91,24x24",ui,91 24X24 icon
92_24x24,92-24x24,"92,24x24",ui,92 24X24 icon
9_24x24,9-24x24,"24x24,9",ui,9 24X24 icon
93_24x24,93-24x24,"93,24x24",ui,93 24X24 icon
94_24x24,94-24x24,"94,24x24",ui,94 24X24 icon
95_24x24,95-24x24,"24x24,95",ui,95 24X24 icon
96_24x24,96-24x24,"24x24,96",ui,96 24X24 icon
ABC_and_digits_16x16,abc-and-digits-16x16,"abc,and,digits,16x16",development,Abc And Digits 16X16 icon
abort_24x24,abort-24x24,"abort,24x24",ui,Abort 24X24 icon
Abort_48x48,abort-48x48,"abort,48x48",ui,Abort 48X48 icon
about_24x24,about-24x24,"about,24x24",ui,About 24X24 icon
About_32x32,about-32x32,"about,32x32",ui,About 32X32 icon
accept_24x24,accept-24x24,"accept,24x24",ui,Accept 24X24 icon
Accept_changes_16x16,accept-changes-16x16,"changes,accept,16x16",ui,Accept Changes 16X16 icon
Accounting_16x16,accounting-16x16,"16x16,accounting",ui,Accounting 16X16 icon
accounting_24x24,accounting-24x24,"24x24,accounting",ui,Accounting 24X24 icon
add_24x24,add-24x24,"24x24,add",ui,Add 24X24 icon
Add_32x32,add-32x32,"32x32,add",ui,Add 32X32 icon
Add_event_48x48,add-event-48x48,"event,48x48,add",ui,Add Event 48X48 icon
Add_folder_32x32,add-folder-32x32,"folder,32x32,add",files,Add Folder 32X32 icon
Address_book_16x16,address-book-16x16,"book,address,16x16",files,Address Book 16X16 icon
address_book_24x24,address-book-24x24,"24x24,book,address",files,Address Book 24X24 icon
addthis_32x32,addthis-32x32,"32x32,addthis",ui,Addthis 32X32 icon
addthis_48x48,addthis-48x48,"48x48,addthis",ui,Addthis 48X48 icon
add_to_basket_24x24,add-to-basket-24x24,"to,24x24,basket,add",ui,Add To Basket 24X24 icon
Aim_16x16,aim-16x16,"aim,16x16",ui,Aim 16X16 icon
Aim_24x24,aim-24x24,"aim,24x24",ui,Aim 24X24 icon
Aim_256x256,aim-256x256,"256x256,aim",ui,Aim 256X256 icon
Aim_32x32,aim-32x32,"aim,32x32",ui,Aim 32X32 icon
Aim_48x48,aim-48x48,"aim,48x48",ui,Aim 48X48 icon
Aimp_16x16,aimp-16x16,"16x16,aimp",ui,Aimp 16X16 icon
Aimp_32x32,aimp-32x32,"32x32,aimp",ui,Aimp 32X32 icon
AirMac_Extreme_128x128,airmac-extreme-128x128,"airmac,128x128,extreme",ui,Airmac Extreme 128X128 icon
AirMac_Extreme_16x16,airmac-extreme-16x16,"airmac,extreme,16x16",ui,Airmac Extreme 16X16 icon
AirMac_Extreme_32x32,airmac-extreme-32x32,"airmac,extreme,32x32",ui,Airmac Extreme 32X32 icon
AirMac_Extreme_48x48,airmac-extreme-48x48,"airmac,48x48,extreme",ui,Airmac Extreme 48X48 icon
AirPort_Express_Base_Station_with_AirTunes_128x128,airport-express-base-station-with-airtunes-128x128,"station,express,base,with,airport",ui,Airport Express Base Station With Airtunes 128X128 icon
AirPort_Express_Base_Station_with_AirTunes_16x16,airport-express-base-station-with-airtunes-16x16,"station,express,base,16x16,with",ui,Airport Express Base Station With Airtunes 16X16 icon
AirPort_Express_Base_Station_with_AirTunes_32x32,airport-express-base-station-with-airtunes-32x32,"station,express,base,with,airport",ui,Airport Express Base Station With Airtunes 32X32 icon
AirPort_Express_Base_Station_with_AirTunes_48x48,airport-express-base-station-with-airtunes-48x48,"station,express,48x48,base,with",ui,Airport Express Base Station With Airtunes 48X48 icon
alarm_24x24,alarm-24x24,"alarm,24x24",ui,Alarm 24X24 icon
Alarm_48x48,alarm-48x48,"alarm,48x48",ui,Alarm 48X48 icon
alarm_clock_24x24,alarm-clock-24x24,"clock,alarm,24x24",security,Alarm Clock 24X24 icon
Alarm_clock_48x48,alarm-clock-48x48,"clock,alarm,48x48",security,Alarm Clock 48X48 icon
Alert_16x16,alert-16x16,"alert,16x16",ui,Alert 16X16 icon
alert_32x32,alert-32x32,"alert,32x32",ui,Alert 32X32 icon
Alesis_M1_Active_MK2_speakers_1_128x128,alesis-m1-active-mk2-speakers-1-128x128,"mk2,1,active,m1,speakers",ui,Alesis M1 Active Mk2 Speakers 1 128X128 icon
Alesis_M1_Active_MK2_speakers_1_16x16,alesis-m1-active-mk2-speakers-1-16x16,"mk2,1,active,m1,16x16",ui,Alesis M1 Active Mk2 Speakers 1 16X16 icon
Alesis_M1_Active_MK2_speakers_1_32x32,alesis-m1-active-mk2-speakers-1-32x32,"mk2,1,active,m1,speakers",ui,Alesis M1 Active Mk2 Speakers 1 32X32 icon
Alesis_M1_Active_MK2_speakers_1_48x48,alesis-m1-active-mk2-speakers-1-48x48,"mk2,48x48,1,active,m1",ui,Alesis M1 Active Mk2 Speakers 1 48X48 icon
Alesis_M1_Active_MK2_speakers_2_128x128,alesis-m1-active-mk2-speakers-2-128x128,"mk2,2,active,m1,speakers",ui,Alesis M1 Active Mk2 Speakers 2 128X128 icon
Alesis_M1_Active_MK2_speakers_2_16x16,alesis-m1-active-mk2-speakers-2-16x16,"mk2,2,active,m1,16x16",ui,Alesis M1 Active Mk2 Speakers 2 16X16 icon
Alesis_M1_Active_MK2_speakers_2_32x32,alesis-m1-active-mk2-speakers-2-32x32,"mk2,2,active,m1,speakers",ui,Alesis M1 Active Mk2 Speakers 2 32X32 icon
Alesis_M1_Active_MK2_speakers_2_48x48,alesis-m1-active-mk2-speakers-2-48x48,"mk2,48x48,2,active,m1",ui,Alesis M1 Active Mk2 Speakers 2 48X48 icon
Alien_16x16,alien-16x16,"16x16,alien",ui,Alien 16X16 icon
alien_24x24,alien-24x24,"24x24,alien",ui,Alien 24X24 icon
Anchor_16x16,anchor-16x16,"16x16,anchor",ui,Anchor 16X16 icon
anchor_24x24,anchor-24x24,"24x24,anchor",ui,Anchor 24X24 icon
Angle_32x32,angle-32x32,"angle,32x32",ui,Angle 32X32 icon
app_32x32,app-32x32,"32x32,app",ui,App 32X32 icon
apple-green_32x32,apple-green-32x32,"apple,32x32,green",ui,Apple Green 32X32 icon
apple-red_32x32,apple-red-32x32,"apple,32x32,red",ui,Apple Red 32X32 icon
Application_16x16,application-16x16,"application,16x16",ui,Application 16X16 icon
application_24x24,application-24x24,"24x24,application",ui,Application 24X24 icon
application_form_24x24,application-form-24x24,"24x24,application,form",ui,Application Form 24X24 icon
Apply_16x16,apply-16x16,"apply,16x16",ui,Apply 16X16 icon
apply_24x24,apply-24x24,"apply,24x24",ui,Apply 24X24 icon
Apply_32x32,apply-32x32,"apply,32x32",ui,Apply 32X32 icon
Apply_48x48,apply-48x48,"apply,48x48",ui,Apply 48X48 icon
Arc_32x32,arc-32x32,"arc,32x32",ui,Arc 32X32 icon
Arrow_32x32,arrow-32x32,"arrow,32x32",ui,Arrow 32X32 icon
Atomic_48x48,atomic-48x48,"48x48,atomic",ui,Atomic 48X48 icon
Attach_32x32,attach-32x32,"attach,32x32",ui,Attach 32X32 icon
Auto_zoom_16x16,auto-zoom-16x16,"zoom,auto,16x16",ui,Auto Zoom 16X16 icon
back_24x24,back-24x24,"24x24,back",ui,Back 24X24 icon
Back_32x32,back-32x32,"back,32x32",ui,Back 32X32 icon
Bad_mark_16x16,bad-mark-16x16,"bad,mark,16x16",ui,Bad Mark 16X16 icon
bad_mark_24x24,bad-mark-24x24,"bad,mark,24x24",ui,Bad Mark 24X24 icon
Bank_building_16x16,bank-building-16x16,"building,16x16,bank",ui,Bank Building 16X16 icon
Bank_building_32x32,bank-building-32x32,"building,32x32,bank",ui,Bank Building 32X32 icon
Bank_building_48x48,bank-building-48x48,"48x48,building,bank",ui,Bank Building 48X48 icon
bar_chart_24x24,bar-chart-24x24,"24x24,bar,chart",ui,Bar Chart 24X24 icon
basket_24x24,basket-24x24,"24x24,basket",ui,Basket 24X24 icon
basketball_32x32,basketball-32x32,"basketball,32x32",ui,Basketball 32X32 icon
Bee_16x16,bee-16x16,"bee,16x16",ui,Bee 16X16 icon
bee_24x24,bee-24x24,"bee,24x24",ui,Bee 24X24 icon
bell_32x32,bell-32x32,"32x32,bell",ui,Bell 32X32 icon
best_24x24,best-24x24,"best,24x24",ui,Best 24X24 icon
billboard_24x24,billboard-24x24,"24x24,billboard",ui,Billboard 24X24 icon
Bitmap_editor_32x32,bitmap-editor-32x32,"editor,32x32,bitmap",ui,Bitmap Editor 32X32 icon
Black_bookmark_16x16,black-bookmark-16x16,"black,bookmark,16x16",files,Black Bookmark 16X16 icon
black_bookmark_24x24,black-bookmark-24x24,"black,24x24,bookmark",files,Black Bookmark 24X24 icon
Black_pin_16x16,black-pin-16x16,"16x16,black,pin",ui,Black Pin 16X16 icon
black_pin_24x24,black-pin-24x24,"black,24x24,pin",ui,Black Pin 24X24 icon
Black_tag_16x16,black-tag-16x16,"tag,black,16x16",ui,Black Tag 16X16 icon
black_tag_24x24,black-tag-24x24,"tag,black,24x24",ui,Black Tag 24X24 icon
block_32x32,block-32x32,"block,32x32",security,Block 32X32 icon
Blog_16x16,blog-16x16,"blog,16x16",ui,Blog 16X16 icon
blog_24x24,blog-24x24,"24x24,blog",ui,Blog 24X24 icon
Blue_bookmark_16x16,blue-bookmark-16x16,"blue,bookmark,16x16",files,Blue Bookmark 16X16 icon
blue_bookmark_24x24,blue-bookmark-24x24,"24x24,blue,bookmark",files,Blue Bookmark 24X24 icon
Blue_key_16x16,blue-key-16x16,"blue,16x16,key",security,Blue Key 16X16 icon
blue_key_24x24,blue-key-24x24,"24x24,blue,key",security,Blue Key 24X24 icon
Blue_mark_16x16,blue-mark-16x16,"mark,blue,16x16",ui,Blue Mark 16X16 icon
Blue_pin_16x16,blue-pin-16x16,"16x16,blue,pin",ui,Blue Pin 16X16 icon
blue_pin_24x24,blue-pin-24x24,"24x24,blue,pin",ui,Blue Pin 24X24 icon
Blue_tag_16x16,blue-tag-16x16,"tag,blue,16x16",ui,Blue Tag 16X16 icon
blue_tag_24x24,blue-tag-24x24,"tag,24x24,blue",ui,Blue Tag 24X24 icon
bluetooth_24x24,bluetooth-24x24,"24x24,bluetooth",ui,Bluetooth 24X24 icon
bomb_24x24,bomb-24x24,"24x24,bomb",ui,Bomb 24X24 icon
Bomb_48x48,bomb-48x48,"48x48,bomb",ui,Bomb 48X48 icon
Book_16x16,book-16x16,"book,16x16",files,Book 16X16 icon
book_24x24,book-24x24,"24x24,book",files,Book 24X24 icon
Bookmark_16x16,bookmark-16x16,"bookmark,16x16",files,Bookmark 16X16 icon
bookmark_24x24,bookmark-24x24,"24x24,bookmark",files,Bookmark 24X24 icon
Books_16x16,books-16x16,"books,16x16",files,Books 16X16 icon
BOSE_QuietComfort_2_128x128,bose-quietcomfort-2-128x128,"128x128,quietcomfort,2,bose",ui,Bose Quietcomfort 2 128X128 icon
BOSE_QuietComfort_2_16x16,bose-quietcomfort-2-16x16,"16x16,quietcomfort,2,bose",ui,Bose Quietcomfort 2 16X16 icon
BOSE_QuietComfort_2_32x32,bose-quietcomfort-2-32x32,"quietcomfort,2,32x32,bose",ui,Bose Quietcomfort 2 32X32 icon
BOSE_QuietComfort_2_48x48,bose-quietcomfort-2-48x48,"48x48,quietcomfort,2,bose",ui,Bose Quietcomfort 2 48X48 icon
BOSE_SoundDock_black__128x128,bose-sounddock-black-128x128,"black,128x128,sounddock,bose",files,Bose Sounddock Black 128X128 icon
BOSE_SoundDock_black__16x16,bose-sounddock-black-16x16,"black,sounddock,16x16,bose",files,Bose Sounddock Black 16X16 icon
BOSE_SoundDock_black__32x32,bose-sounddock-black-32x32,"black,sounddock,32x32,bose",files,Bose Sounddock Black 32X32 icon
BOSE_SoundDock_black__48x48,bose-sounddock-black-48x48,"black,48x48,sounddock,bose",files,Bose Sounddock Black 48X48 icon
BOSE_SoundDock_white__128x128,bose-sounddock-white-128x128,"white,128x128,sounddock,bose",files,Bose Sounddock White 128X128 icon
BOSE_SoundDock_white__16x16,bose-sounddock-white-16x16,"white,sounddock,16x16,bose",files,Bose Sounddock White 16X16 icon
BOSE_SoundDock_white__32x32,bose-sounddock-white-32x32,"white,sounddock,32x32,bose",files,Bose Sounddock White 32X32 icon
BOSE_SoundDock_white__48x48,bose-sounddock-white-48x48,"white,48x48,sounddock,bose",files,Bose Sounddock White 48X48 icon
BOSE_TriPort_blue__128x128,bose-triport-blue-128x128,"triport,blue,128x128,bose",ui,Bose Triport Blue 128X128 icon
BOSE_TriPort_blue__16x16,bose-triport-blue-16x16,"triport,blue,16x16,bose",ui,Bose Triport Blue 16X16 icon
BOSE_TriPort_blue__32x32,bose-triport-blue-32x32,"triport,blue,32x32,bose",ui,Bose Triport Blue 32X32 icon
BOSE_TriPort_blue__48x48,bose-triport-blue-48x48,"triport,blue,48x48,bose",ui,Bose Triport Blue 48X48 icon
BOSE_TriPort_silver__128x128,bose-triport-silver-128x128,"triport,silver,128x128,bose",ui,Bose Triport Silver 128X128 icon
BOSE_TriPort_silver__16x16,bose-triport-silver-16x16,"triport,silver,16x16,bose",ui,Bose Triport Silver 16X16 icon
BOSE_TriPort_silver__32x32,bose-triport-silver-32x32,"triport,silver,32x32,bose",ui,Bose Triport Silver 32X32 icon
BOSE_TriPort_silver__48x48,bose-triport-silver-48x48,"triport,silver,48x48,bose",ui,Bose Triport Silver 48X48 icon
Boss_16x16,boss-16x16,"boss,16x16",ui,Boss 16X16 icon
boss_24x24,boss-24x24,"boss,24x24",ui,Boss 24X24 icon
Bottom_16x16,bottom-16x16,"bottom,16x16",ui,Bottom 16X16 icon
bottom_24x24,bottom-24x24,"bottom,24x24",ui,Bottom 24X24 icon
Bottom_page_number_16x16,bottom-page-number-16x16,"bottom,number,page,16x16",files,Bottom Page Number 16X16 icon
box_24x24,box-24x24,"box,24x24",ui,Box 24X24 icon
boy_24x24,boy-24x24,"24x24,boy",ui,Boy 24X24 icon
brick_house_24x24,brick-house-24x24,"brick,24x24,house",ui,Brick House 24X24 icon
bricks_24x24,bricks-24x24,"24x24,bricks",ui,Bricks 24X24 icon
Bridge_128x128,bridge-128x128,"128x128,bridge",ui,Bridge 128X128 icon
Bridge_16x16,bridge-16x16,"16x16,bridge",ui,Bridge 16X16 icon
Bridge_24x24,bridge-24x24,"24x24,bridge",ui,Bridge 24X24 icon
Bridge_256x256,bridge-256x256,"256x256,bridge",ui,Bridge 256X256 icon
Bridge_32x32,bridge-32x32,"bridge,32x32",ui,Bridge 32X32 icon
Bridge_48x48,bridge-48x48,"48x48,bridge",ui,Bridge 48X48 icon
Bridge_64x64,bridge-64x64,"64x64,bridge",ui,Bridge 64X64 icon
Bridge_72x72,bridge-72x72,"bridge,72x72",ui,Bridge 72X72 icon
Bridge_80x80,bridge-80x80,"80x80,bridge",ui,Bridge 80X80 icon
Bridge_96x96,bridge-96x96,"96x96,bridge",ui,Bridge 96X96 icon
Brief-case_16x16,brief-case-16x16,"16x16,case,brief",ui,Brief Case 16X16 icon
Briefcase_16x16,briefcase-16x16,"briefcase,16x16",ui,Briefcase 16X16 icon
brief_case_24x24,brief-case-24x24,"24x24,case,brief",ui,Brief Case 24X24 icon
briefcase_24x24,briefcase-24x24,"briefcase,24x24",ui,Briefcase 24X24 icon
brightness_24x24,brightness-24x24,"brightness,24x24",ui,Brightness 24X24 icon
Brightness_32x32,brightness-32x32,"brightness,32x32",ui,Brightness 32X32 icon
broom_16x16,broom-16x16,"broom,16x16",ui,Broom 16X16 icon
broom_32x32,broom-32x32,"broom,32x32",ui,Broom 32X32 icon
broom_48x48,broom-48x48,"broom,48x48",ui,Broom 48X48 icon
Brush_16x16,brush-16x16,"brush,16x16",ui,Brush 16X16 icon
brush_24x24,brush-24x24,"brush,24x24",ui,Brush 24X24 icon
Brush_32x32,brush-32x32,"brush,32x32",ui,Brush 32X32 icon
Brush_48x48,brush-48x48,"brush,48x48",ui,Brush 48X48 icon
Bubble_16x16,bubble-16x16,"bubble,16x16",ui,Bubble 16X16 icon
bubble_24x24,bubble-24x24,"24x24,bubble",ui,Bubble 24X24 icon
buddy_24x24,buddy-24x24,"24x24,buddy",ui,Buddy 24X24 icon
burger_32x32,burger-32x32,"burger,32x32",ui,Burger 32X32 icon
burn_32x32,burn-32x32,"burn,32x32",ui,Burn 32X32 icon
Buy_16x16,buy-16x16,"buy,16x16",ui,Buy 16X16 icon
buy_24x24,buy-24x24,"buy,24x24",ui,Buy 24X24 icon
Buyer_bag_16x16,buyer-bag-16x16,"buyer,bag,16x16",ui,Buyer Bag 16X16 icon
Buyer_bag_32x32,buyer-bag-32x32,"buyer,bag,32x32",ui,Buyer Bag 32X32 icon
Buyer_bag_48x48,buyer-bag-48x48,"buyer,48x48,bag",ui,Buyer Bag 48X48 icon
cable_24x24,cable-24x24,"24x24,cable",ui,Cable 24X24 icon
Calculator_16x16,calculator-16x16,"calculator,16x16",ui,Calculator 16X16 icon
calculator_24x24,calculator-24x24,"24x24,calculator",ui,Calculator 24X24 icon
calendar_24x24,calendar-24x24,"calendar,24x24",ui,Calendar 24X24 icon
Calendar_48x48,calendar-48x48,"calendar,48x48",ui,Calendar 48X48 icon
call_24x24,call-24x24,"24x24,call",ui,Call 24X24 icon
Call_48x48,call-48x48,"48x48,call",ui,Call 48X48 icon
camera_24x24,camera-24x24,"24x24,camera",ui,Camera 24X24 icon
Camera_32x32,camera-32x32,"camera,32x32",ui,Camera 32X32 icon
Cancel_32x32,cancel-32x32,"32x32,cancel",ui,Cancel 32X32 icon
Canon_EOS-1_Mark2_128_128x128,canon-eos-1-mark2-128-128x128,"mark2,1,canon,eos,128",ui,Canon Eos 1 Mark2 128 128X128 icon
Canon_EOS-1_Mark2_128_16x16,canon-eos-1-mark2-128-16x16,"mark2,1,canon,eos,16x16",ui,Canon Eos 1 Mark2 128 16X16 icon
Canon_EOS-1_Mark2_128_32x32,canon-eos-1-mark2-128-32x32,"mark2,1,canon,eos,128",ui,Canon Eos 1 Mark2 128 32X32 icon
Canon_EOS-1_Mark2_128_48x48,canon-eos-1-mark2-128-48x48,"mark2,48x48,1,canon,eos",ui,Canon Eos 1 Mark2 128 48X48 icon
CanonEOS300D_128x128,canoneos300d-128x128,"128x128,canoneos300d",ui,Canoneos300D 128X128 icon
CanonEOS300D_16x16,canoneos300d-16x16,"16x16,canoneos300d",ui,Canoneos300D 16X16 icon
CanonEOS300D_32x32,canoneos300d-32x32,"canoneos300d,32x32",ui,Canoneos300D 32X32 icon
CanonEOS300D_48x48,canoneos300d-48x48,"48x48,canoneos300d",ui,Canoneos300D 48X48 icon
Canon_EOS_Digital_Rebel_XT_350D_128x128,canon-eos-digital-rebel-xt-350d-128x128,"canon,eos,xt,digital,rebel",development,Canon Eos Digital Rebel Xt 350D 128X128 icon
Canon_EOS_Digital_Rebel_XT_350D_16x16,canon-eos-digital-rebel-xt-350d-16x16,"canon,eos,16x16,xt,digital",development,Canon Eos Digital Rebel Xt 350D 16X16 icon
Canon_EOS_Digital_Rebel_XT_350D_32x32,canon-eos-digital-rebel-xt-350d-32x32,"canon,eos,xt,digital,rebel",development,Canon Eos Digital Rebel Xt 350D 32X32 icon
Canon_EOS_Digital_Rebel_XT_350D_48x48,canon-eos-digital-rebel-xt-350d-48x48,"48x48,canon,eos,xt,digital",development,Canon Eos Digital Rebel Xt 350D 48X48 icon
Canon_IXY_DIGITAL_L3_black__128x128,canon-ixy-digital-l3-black-128x128,"l3,canon,black,ixy,digital",development,Canon Ixy Digital L3 Black 128X128 icon
Canon_IXY_DIGITAL_L3_black__16x16,canon-ixy-digital-l3-black-16x16,"l3,canon,black,ixy,16x16",development,Canon Ixy Digital L3 Black 16X16 icon
Canon_IXY_DIGITAL_L3_black__32x32,canon-ixy-digital-l3-black-32x32,"l3,canon,black,ixy,digital",development,Canon Ixy Digital L3 Black 32X32 icon
Canon_IXY_DIGITAL_L3_black__48x48,canon-ixy-digital-l3-black-48x48,"l3,48x48,canon,black,ixy",development,Canon Ixy Digital L3 Black 48X48 icon
Canon_IXY_DIGITAL_L3_blond__128x128,canon-ixy-digital-l3-blond-128x128,"l3,canon,ixy,blond,digital",development,Canon Ixy Digital L3 Blond 128X128 icon
Canon_IXY_DIGITAL_L3_blond__16x16,canon-ixy-digital-l3-blond-16x16,"l3,canon,ixy,16x16,blond",development,Canon Ixy Digital L3 Blond 16X16 icon
Canon_IXY_DIGITAL_L3_blond__32x32,canon-ixy-digital-l3-blond-32x32,"l3,canon,ixy,blond,digital",development,Canon Ixy Digital L3 Blond 32X32 icon
Canon_IXY_DIGITAL_L3_blond__48x48,canon-ixy-digital-l3-blond-48x48,"l3,48x48,canon,ixy,blond",development,Canon Ixy Digital L3 Blond 48X48 icon
Canon_IXY_DIGITAL_L3_red__128x128,canon-ixy-digital-l3-red-128x128,"l3,canon,ixy,digital,red",development,Canon Ixy Digital L3 Red 128X128 icon
Canon_IXY_DIGITAL_L3_red__16x16,canon-ixy-digital-l3-red-16x16,"l3,canon,ixy,16x16,digital",development,Canon Ixy Digital L3 Red 16X16 icon
Canon_IXY_DIGITAL_L3_red__32x32,canon-ixy-digital-l3-red-32x32,"l3,canon,ixy,digital,red",development,Canon Ixy Digital L3 Red 32X32 icon
Canon_IXY_DIGITAL_L3_red__48x48,canon-ixy-digital-l3-red-48x48,"l3,48x48,canon,ixy,digital",development,Canon Ixy Digital L3 Red 48X48 icon
Caption_16x16,caption-16x16,"caption,16x16",ui,Caption 16X16 icon
card_file_24x24,card-file-24x24,"file,24x24,card",files,Card File 24X24 icon
Car_key_16x16,car-key-16x16,"16x16,car,key",security,Car Key 16X16 icon
car_key_24x24,car-key-24x24,"24x24,car,key",security,Car Key 24X24 icon
Car_key_32x32,car-key-32x32,"32x32,car,key",security,Car Key 32X32 icon
Car_key_48x48,car-key-48x48,"48x48,car,key",security,Car Key 48X48 icon
Case_history_16x16,case-history-16x16,"16x16,case,history",ui,Case History 16X16 icon
Case_history_32x32,case-history-32x32,"case,32x32,history",ui,Case History 32X32 icon
Case_history_48x48,case-history-48x48,"48x48,case,history",ui,Case History 48X48 icon
Cash-register_16x16,cash-register-16x16,"register,16x16,cash",ui,Cash Register 16X16 icon
cash_register_24x24,cash-register-24x24,"register,24x24,cash",ui,Cash Register 24X24 icon
CASIO_ex-z750_128x128,casio-ex-z750-128x128,"z750,128x128,casio,ex",ui,Casio Ex Z750 128X128 icon
CASIO_ex-z750_16x16,casio-ex-z750-16x16,"z750,16x16,casio,ex",ui,Casio Ex Z750 16X16 icon
CASIO_ex-z750_32x32,casio-ex-z750-32x32,"z750,32x32,casio,ex",ui,Casio Ex Z750 32X32 icon
CASIO_ex-z750_48x48,casio-ex-z750-48x48,"z750,48x48,casio,ex",ui,Casio Ex Z750 48X48 icon
cat_24x24,cat-24x24,"24x24,cat",ui,Cat 24X24 icon
CD_128x128,cd-128x128,"128x128,cd",ui,Cd 128X128 icon
CD_16x16,cd-16x16,"cd,16x16",ui,Cd 16X16 icon
cd_32x32,cd-32x32,"cd,32x32",ui,Cd 32X32 icon
CD_32x32,cd-32x32,"cd,32x32",ui,Cd 32X32 icon
CD_48x48,cd-48x48,"48x48,cd",ui,Cd 48X48 icon
CD_Art_128x128,cd-art-128x128,"art,cd,128x128",ui,Cd Art 128X128 icon
CD_Art_16x16,cd-art-16x16,"art,cd,16x16",ui,Cd Art 16X16 icon
CD_Art_32x32,cd-art-32x32,"art,cd,32x32",ui,Cd Art 32X32 icon
CD_Art_48x48,cd-art-48x48,"48x48,art,cd",ui,Cd Art 48X48 icon
cd-copy_32x32,cd-copy-32x32,"copy,cd,32x32",ui,Cd Copy 32X32 icon
certificate_24x24,certificate-24x24,"24x24,certificate",security,Certificate 24X24 icon
Chart_xy_32x32,chart-xy-32x32,"xy,32x32,chart",ui,Chart Xy 32X32 icon
chat_32x32,chat-32x32,"chat,32x32",ui,Chat 32X32 icon
Check_boxes_32x32,check-boxes-32x32,"check,32x32,boxes",ui,Check Boxes 32X32 icon
Check_out_bag3_16x16,check-out-bag3-16x16,"check,out,16x16,bag3",ui,Check Out Bag3 16X16 icon
Check_out_bag3_32x32,check-out-bag3-32x32,"check,out,32x32,bag3",ui,Check Out Bag3 32X32 icon
Check_out_bag3_48x48,check-out-bag3-48x48,"check,48x48,out,bag3",ui,Check Out Bag3 48X48 icon
Chrome11_16x16,chrome11-16x16,"16x16,chrome11",ui,Chrome11 16X16 icon
Chrome11_32x32,chrome11-32x32,"32x32,chrome11",ui,Chrome11 32X32 icon
Cinema_Display_128x128,cinema-display-128x128,"display,128x128,cinema",ui,Cinema Display 128X128 icon
Cinema_Display_16x16,cinema-display-16x16,"display,cinema,16x16",ui,Cinema Display 16X16 icon
Cinema_Display_32x32,cinema-display-32x32,"display,cinema,32x32",ui,Cinema Display 32X32 icon
Cinema_Display_48x48,cinema-display-48x48,"display,48x48,cinema",ui,Cinema Display 48X48 icon
Cinema_Display_back_128x128,cinema-display-back-128x128,"display,back,cinema,128x128",ui,Cinema Display Back 128X128 icon
Cinema_Display_back_16x16,cinema-display-back-16x16,"display,back,cinema,16x16",ui,Cinema Display Back 16X16 icon
Cinema_Display_back_32x32,cinema-display-back-32x32,"display,back,cinema,32x32",ui,Cinema Display Back 32X32 icon
Cinema_Display_back_48x48,cinema-display-back-48x48,"display,48x48,back,cinema",ui,Cinema Display Back 48X48 icon
Cinema_Display_blue__128x128,cinema-display-blue-128x128,"display,blue,cinema,128x128",ui,Cinema Display Blue 128X128 icon
Cinema_Display_blue__16x16,cinema-display-blue-16x16,"display,blue,cinema,16x16",ui,Cinema Display Blue 16X16 icon
Cinema_Display_blue__32x32,cinema-display-blue-32x32,"display,blue,cinema,32x32",ui,Cinema Display Blue 32X32 icon
Cinema_Display_blue__48x48,cinema-display-blue-48x48,"display,48x48,blue,cinema",ui,Cinema Display Blue 48X48 icon
Cinema_Display_Diagonal_128x128,cinema-display-diagonal-128x128,"display,128x128,cinema,diagonal",ui,Cinema Display Diagonal 128X128 icon
Cinema_Display_Diagonal_16x16,cinema-display-diagonal-16x16,"display,cinema,diagonal,16x16",ui,Cinema Display Diagonal 16X16 icon
Cinema_Display_Diagonal_32x32,cinema-display-diagonal-32x32,"display,cinema,diagonal,32x32",ui,Cinema Display Diagonal 32X32 icon
Cinema_Display_Diagonal_48x48,cinema-display-diagonal-48x48,"display,48x48,cinema,diagonal",ui,Cinema Display Diagonal 48X48 icon
Cinema_Display_Diagonal_blue__128x128,cinema-display-diagonal-blue-128x128,"blue,cinema,diagonal,display,128x128",ui,Cinema Display Diagonal Blue 128X128 icon
Cinema_Display_Diagonal_blue__16x16,cinema-display-diagonal-blue-16x16,"blue,cinema,diagonal,16x16,display",ui,Cinema Display Diagonal Blue 16X16 icon
Cinema_Display_Diagonal_blue__32x32,cinema-display-diagonal-blue-32x32,"blue,cinema,diagonal,display,32x32",ui,Cinema Display Diagonal Blue 32X32 icon
Cinema_Display_Diagonal_blue__48x48,cinema-display-diagonal-blue-48x48,"48x48,blue,cinema,diagonal,display",ui,Cinema Display Diagonal Blue 48X48 icon
Cinema_Display_Diagonal_graphite__128x128,cinema-display-diagonal-graphite-128x128,"graphite,cinema,diagonal,display,128x128",ui,Cinema Display Diagonal Graphite 128X128 icon
Cinema_Display_Diagonal_graphite__16x16,cinema-display-diagonal-graphite-16x16,"graphite,cinema,diagonal,16x16,display",ui,Cinema Display Diagonal Graphite 16X16 icon
Cinema_Display_Diagonal_graphite__32x32,cinema-display-diagonal-graphite-32x32,"graphite,cinema,diagonal,display,32x32",ui,Cinema Display Diagonal Graphite 32X32 icon
Cinema_Display_Diagonal_graphite__48x48,cinema-display-diagonal-graphite-48x48,"48x48,graphite,cinema,diagonal,display",ui,Cinema Display Diagonal Graphite 48X48 icon
Cinema_Display_graphite__128x128,cinema-display-graphite-128x128,"display,graphite,cinema,128x128",ui,Cinema Display Graphite 128X128 icon
Cinema_Display_graphite__16x16,cinema-display-graphite-16x16,"display,graphite,cinema,16x16",ui,Cinema Display Graphite 16X16 icon
Cinema_Display_graphite__32x32,cinema-display-graphite-32x32,"display,graphite,cinema,32x32",ui,Cinema Display Graphite 32X32 icon
Cinema_Display_graphite__48x48,cinema-display-graphite-48x48,"display,48x48,graphite,cinema",ui,Cinema Display Graphite 48X48 icon
Cinema_Display_iSight_128x128,cinema-display-isight-128x128,"display,128x128,cinema,isight",ui,Cinema Display Isight 128X128 icon
Cinema_Display_iSight_16x16,cinema-display-isight-16x16,"display,cinema,16x16,isight",ui,Cinema Display Isight 16X16 icon
Cinema_Display_iSight_32x32,cinema-display-isight-32x32,"display,cinema,32x32,isight",ui,Cinema Display Isight 32X32 icon
Cinema_Display_iSight_48x48,cinema-display-isight-48x48,"display,48x48,cinema,isight",ui,Cinema Display Isight 48X48 icon
Cinema_Display_iSight_blue__128x128,cinema-display-isight-blue-128x128,"isight,blue,cinema,display,128x128",ui,Cinema Display Isight Blue 128X128 icon
Cinema_Display_iSight_blue__16x16,cinema-display-isight-blue-16x16,"isight,blue,cinema,16x16,display",ui,Cinema Display Isight Blue 16X16 icon
Cinema_Display_iSight_blue__32x32,cinema-display-isight-blue-32x32,"isight,blue,cinema,display,32x32",ui,Cinema Display Isight Blue 32X32 icon
Cinema_Display_iSight_blue__48x48,cinema-display-isight-blue-48x48,"isight,48x48,blue,cinema,display",ui,Cinema Display Isight Blue 48X48 icon
Cinema_Display_iSight_graphite__128x128,cinema-display-isight-graphite-128x128,"isight,graphite,cinema,display,128x128",ui,Cinema Display Isight Graphite 128X128 icon
Cinema_Display_iSight_graphite__16x16,cinema-display-isight-graphite-16x16,"isight,graphite,cinema,16x16,display",ui,Cinema Display Isight Graphite 16X16 icon
Cinema_Display_iSight_graphite__32x32,cinema-display-isight-graphite-32x32,"isight,graphite,cinema,display,32x32",ui,Cinema Display Isight Graphite 32X32 icon
Cinema_Display_iSight_graphite__48x48,cinema-display-isight-graphite-48x48,"isight,48x48,graphite,cinema,display",ui,Cinema Display Isight Graphite 48X48 icon
Cinema_Display_Macmini_128x128,cinema-display-macmini-128x128,"macmini,display,128x128,cinema",ui,Cinema Display Macmini 128X128 icon
Cinema_Display_Macmini_16x16,cinema-display-macmini-16x16,"macmini,display,cinema,16x16",ui,Cinema Display Macmini 16X16 icon
Cinema_Display_Macmini_32x32,cinema-display-macmini-32x32,"macmini,display,cinema,32x32",ui,Cinema Display Macmini 32X32 icon
Cinema_Display_Macmini_48x48,cinema-display-macmini-48x48,"macmini,display,48x48,cinema",ui,Cinema Display Macmini 48X48 icon
Cinema_Display_Macmini_blue__128x128,cinema-display-macmini-blue-128x128,"blue,cinema,display,macmini,128x128",ui,Cinema Display Macmini Blue 128X128 icon
Cinema_Display_Macmini_blue__16x16,cinema-display-macmini-blue-16x16,"blue,cinema,16x16,display,macmini",ui,Cinema Display Macmini Blue 16X16 icon
Cinema_Display_Macmini_blue__32x32,cinema-display-macmini-blue-32x32,"blue,cinema,display,macmini,32x32",ui,Cinema Display Macmini Blue 32X32 icon
Cinema_Display_Macmini_blue__48x48,cinema-display-macmini-blue-48x48,"48x48,blue,cinema,display,macmini",ui,Cinema Display Macmini Blue 48X48 icon
Cinema_Display_Macmini_graphite__128x128,cinema-display-macmini-graphite-128x128,"graphite,cinema,display,macmini,128x128",ui,Cinema Display Macmini Graphite 128X128 icon
Cinema_Display_Macmini_graphite__16x16,cinema-display-macmini-graphite-16x16,"graphite,cinema,16x16,display,macmini",ui,Cinema Display Macmini Graphite 16X16 icon
Cinema_Display_Macmini_graphite__32x32,cinema-display-macmini-graphite-32x32,"graphite,cinema,display,macmini,32x32",ui,Cinema Display Macmini Graphite 32X32 icon
Cinema_Display_Macmini_graphite__48x48,cinema-display-macmini-graphite-48x48,"48x48,graphite,cinema,display,macmini",ui,Cinema Display Macmini Graphite 48X48 icon
Cinema_Display_old_128x128,cinema-display-old-128x128,"display,128x128,cinema,old",ui,Cinema Display Old 128X128 icon
Cinema_Display_old_16x16,cinema-display-old-16x16,"display,cinema,16x16,old",ui,Cinema Display Old 16X16 icon
Cinema_Display_old_32x32,cinema-display-old-32x32,"display,cinema,32x32,old",ui,Cinema Display Old 32X32 icon
Cinema_Display_old_48x48,cinema-display-old-48x48,"display,48x48,cinema,old",ui,Cinema Display Old 48X48 icon
Cinema_Display_old_front_128x128,cinema-display-old-front-128x128,"cinema,display,old,front,128x128",ui,Cinema Display Old Front 128X128 icon
Cinema_Display_old_front_16x16,cinema-display-old-front-16x16,"cinema,16x16,display,old,front",ui,Cinema Display Old Front 16X16 icon
Cinema_Display_old_front_32x32,cinema-display-old-front-32x32,"cinema,display,old,front,32x32",ui,Cinema Display Old Front 32X32 icon
Cinema_Display_old_front_48x48,cinema-display-old-front-48x48,"48x48,cinema,display,old,front",ui,Cinema Display Old Front 48X48 icon
Cinema_Display_old_front_blue__128x128,cinema-display-old-front-blue-128x128,"blue,cinema,display,old,front",ui,Cinema Display Old Front Blue 128X128 icon
Cinema_Display_old_front_blue__16x16,cinema-display-old-front-blue-16x16,"blue,cinema,16x16,display,old",ui,Cinema Display Old Front Blue 16X16 icon
Cinema_Display_old_front_blue__32x32,cinema-display-old-front-blue-32x32,"blue,cinema,display,old,front",ui,Cinema Display Old Front Blue 32X32 icon
Cinema_Display_old_front_blue__48x48,cinema-display-old-front-blue-48x48,"blue,cinema,48x48,display,old",ui,Cinema Display Old Front Blue 48X48 icon
Cinema_Display_old_front_graphite__128x128,cinema-display-old-front-graphite-128x128,"graphite,cinema,display,old,front",ui,Cinema Display Old Front Graphite 128X128 icon
Cinema_Display_old_front_graphite__16x16,cinema-display-old-front-graphite-16x16,"graphite,cinema,16x16,display,old",ui,Cinema Display Old Front Graphite 16X16 icon
Cinema_Display_old_front_graphite__32x32,cinema-display-old-front-graphite-32x32,"graphite,cinema,display,old,front",ui,Cinema Display Old Front Graphite 32X32 icon
Cinema_Display_old_front_graphite__48x48,cinema-display-old-front-graphite-48x48,"graphite,cinema,48x48,display,old",ui,Cinema Display Old Front Graphite 48X48 icon
Circle_32x32,circle-32x32,"circle,32x32",ui,Circle 32X32 icon
Circulation_48x48,circulation-48x48,"circulation,48x48",ui,Circulation 48X48 icon
City_128x128,city-128x128,"city,128x128",ui,City 128X128 icon
City_16x16,city-16x16,"city,16x16",ui,City 16X16 icon
City_24x24,city-24x24,"city,24x24",ui,City 24X24 icon
City_256x256,city-256x256,"256x256,city",ui,City 256X256 icon
City_32x32,city-32x32,"city,32x32",ui,City 32X32 icon
City_48x48,city-48x48,"city,48x48",ui,City 48X48 icon
City_64x64,city-64x64,"city,64x64",ui,City 64X64 icon
City_72x72,city-72x72,"city,72x72",ui,City 72X72 icon
City_80x80,city-80x80,"city,80x80",ui,City 80X80 icon
City_96x96,city-96x96,"city,96x96",ui,City 96X96 icon
Clear_32x32,clear-32x32,"clear,32x32",ui,Clear 32X32 icon
clien_list_24x24,clien-list-24x24,"list,clien,24x24",ui,Clien List 24X24 icon
Client_list_16x16,client-list-16x16,"list,16x16,client",ui,Client List 16X16 icon
Client_list_32x32,client-list-32x32,"list,32x32,client",ui,Client List 32X32 icon
Client_list_48x48,client-list-48x48,"list,48x48,client",ui,Client List 48X48 icon
clipboard_32x32,clipboard-32x32,"clipboard,32x32",ui,Clipboard 32X32 icon
Clipboard_32x32,clipboard-32x32,"clipboard,32x32",ui,Clipboard 32X32 icon
clock_32x32,clock-32x32,"clock,32x32",security,Clock 32X32 icon
Clock_48x48,clock-48x48,"clock,48x48",security,Clock 48X48 icon
Clock_face_48x48,clock-face-48x48,"clock,48x48,face",security,Clock Face 48X48 icon
close_24x24,close-24x24,"24x24,close",ui,Close 24X24 icon
Close_32x32,close-32x32,"32x32,close",ui,Close 32X32 icon
closed_door_24x24,closed-door-24x24,"door,closed,24x24",ui,Closed Door 24X24 icon
closed_folder_24x24,closed-folder-24x24,"closed,24x24,folder",files,Closed Folder 24X24 icon
Close_file_32x32,close-file-32x32,"file,32x32,close",files,Close File 32X32 icon
Close_folder_32x32,close-folder-32x32,"32x32,folder,close",files,Close Folder 32X32 icon
CMYK_32x32,cmyk-32x32,"32x32,cmyk",ui,Cmyk 32X32 icon
Coffe_32x32,coffe-32x32,"coffe,32x32",ui,Coffe 32X32 icon
Coffee_32x32,coffee-32x32,"coffee,32x32",ui,Coffee 32X32 icon
Coffee_Time_48x48,coffee-time-48x48,"time,48x48,coffee",ui,Coffee Time 48X48 icon
Coin_16x16,coin-16x16,"coin,16x16",ui,Coin 16X16 icon
coin_24x24,coin-24x24,"coin,24x24",ui,Coin 24X24 icon
coins_24x24,coins-24x24,"coins,24x24",ui,Coins 24X24 icon
coke_32x32,coke-32x32,"coke,32x32",ui,Coke 32X32 icon
Color_32x32,color-32x32,"color,32x32",ui,Color 32X32 icon
Color_balance_32x32,color-balance-32x32,"color,balance,32x32",ui,Color Balance 32X32 icon
Color_filter_32x32,color-filter-32x32,"filter,color,32x32",ui,Color Filter 32X32 icon
Color_layers_32x32,color-layers-32x32,"color,32x32,layers",ui,Color Layers 32X32 icon
color-palette_32x32,color-palette-32x32,"color,32x32,palette",ui,Color Palette 32X32 icon
Color_palette_32x32,color-palette-32x32,"color,32x32,palette",ui,Color Palette 32X32 icon
Color_profile_32x32,color-profile-32x32,"color,profile,32x32",files,Color Profile 32X32 icon
Color_test_32x32,color-test-32x32,"color,32x32,test",development,Color Test 32X32 icon
color_wheel_24x24,color-wheel-24x24,"color,24x24,wheel",ui,Color Wheel 24X24 icon
comment_24x24,comment-24x24,"comment,24x24",ui,Comment 24X24 icon
Comment_32x32,comment-32x32,"comment,32x32",ui,Comment 32X32 icon
comments_24x24,comments-24x24,"24x24,comments",ui,Comments 24X24 icon
Community_16x16,community-16x16,"community,16x16",ui,Community 16X16 icon
Community_32x32,community-32x32,"community,32x32",ui,Community 32X32 icon
Community_48x48,community-48x48,"community,48x48",ui,Community 48X48 icon
Compact_Disc__16x16,compact-disc-16x16,"disc,compact,16x16",ui,Compact Disc 16X16 icon
Compact_Disc__32x32,compact-disc-32x32,"disc,compact,32x32",ui,Compact Disc 32X32 icon
Company_16x16,company-16x16,"company,16x16",ui,Company 16X16 icon
company_24x24,company-24x24,"company,24x24",ui,Company 24X24 icon
Compass_16x16,compass-16x16,"16x16,compass",ui,Compass 16X16 icon
compass_24x24,compass-24x24,"24x24,compass",ui,Compass 24X24 icon
Compass_32x32,compass-32x32,"32x32,compass",ui,Compass 32X32 icon
Compass_48x48,compass-48x48,"48x48,compass",ui,Compass 48X48 icon
Component_16x16,component-16x16,"component,16x16",ui,Component 16X16 icon
component_24x24,component-24x24,"component,24x24",ui,Component 24X24 icon
Computer_16x16_16x16,computer-16x16-16x16,"16x16,computer",ui,Computer 16X16 16X16 icon
computer_24x24,computer-24x24,"24x24,computer",ui,Computer 24X24 icon
conference_24x24,conference-24x24,"24x24,conference",ui,Conference 24X24 icon
connect_24x24,connect-24x24,"connect,24x24",ui,Connect 24X24 icon
construction_24x24,construction-24x24,"24x24,construction",ui,Construction 24X24 icon
Contact_16x16,contact-16x16,"contact,16x16",ui,Contact 16X16 icon
Contact_32x32,contact-32x32,"contact,32x32",ui,Contact 32X32 icon
Contact_48x48,contact-48x48,"48x48,contact",ui,Contact 48X48 icon
contrast_24x24,contrast-24x24,"contrast,24x24",ui,Contrast 24X24 icon
Contrast_32x32,contrast-32x32,"contrast,32x32",ui,Contrast 32X32 icon
control_panel_24x24,control-panel-24x24,"panel,24x24,control",ui,Control Panel 24X24 icon
copy_24x24,copy-24x24,"copy,24x24",ui,Copy 24X24 icon
Copy_32x32,copy-32x32,"copy,32x32",ui,Copy 32X32 icon
create_24x24,create-24x24,"create,24x24",ui,Create 24X24 icon
Create_32x32,create-32x32,"create,32x32",ui,Create 32X32 icon
Credit_48x48,credit-48x48,"credit,48x48",ui,Credit 48X48 icon
credit-card_32x32,credit-card-32x32,"credit,32x32,card",ui,Credit Card 32X32 icon
Critical_details_32x32,critical-details-32x32,"details,critical,32x32",ui,Critical Details 32X32 icon
Curve_32x32,curve-32x32,"curve,32x32",ui,Curve 32X32 icon
Curve_points_32x32,curve-points-32x32,"curve,points,32x32",ui,Curve Points 32X32 icon
cut_24x24,cut-24x24,"24x24,cut",ui,Cut 24X24 icon
Cut_32x32,cut-32x32,"cut,32x32",ui,Cut 32X32 icon
Cybershot_DSC_-T3_128x128,cybershot-dsc-t3-128x128,"cybershot,t3,dsc,128x128",ui,Cybershot Dsc T3 128X128 icon
Cybershot_DSC_-T3_16x16,cybershot-dsc-t3-16x16,"cybershot,t3,dsc,16x16",ui,Cybershot Dsc T3 16X16 icon
Cybershot_DSC_-T3_32x32,cybershot-dsc-t3-32x32,"cybershot,t3,dsc,32x32",ui,Cybershot Dsc T3 32X32 icon
Cybershot_DSC_-T33_blue__128x128,cybershot-dsc-t33-blue-128x128,"blue,cybershot,dsc,128x128,t33",ui,Cybershot Dsc T33 Blue 128X128 icon
Cybershot_DSC_-T33_blue__16x16,cybershot-dsc-t33-blue-16x16,"blue,cybershot,16x16,dsc,t33",ui,Cybershot Dsc T33 Blue 16X16 icon
Cybershot_DSC_-T33_blue__32x32,cybershot-dsc-t33-blue-32x32,"blue,cybershot,dsc,t33,32x32",ui,Cybershot Dsc T33 Blue 32X32 icon
Cybershot_DSC_-T33_blue__48x48,cybershot-dsc-t33-blue-48x48,"48x48,blue,cybershot,dsc,t33",ui,Cybershot Dsc T33 Blue 48X48 icon
Cybershot_DSC_-T33_gold__128x128,cybershot-dsc-t33-gold-128x128,"128x128,gold,cybershot,dsc,t33",ui,Cybershot Dsc T33 Gold 128X128 icon
Cybershot_DSC_-T33_gold__16x16,cybershot-dsc-t33-gold-16x16,"gold,cybershot,16x16,dsc,t33",ui,Cybershot Dsc T33 Gold 16X16 icon
Cybershot_DSC_-T33_gold__32x32,cybershot-dsc-t33-gold-32x32,"gold,cybershot,dsc,t33,32x32",ui,Cybershot Dsc T33 Gold 32X32 icon
Cybershot_DSC_-T33_gold__48x48,cybershot-dsc-t33-gold-48x48,"48x48,gold,cybershot,dsc,t33",ui,Cybershot Dsc T33 Gold 48X48 icon
Cybershot_DSC_-T33_red__128x128,cybershot-dsc-t33-red-128x128,"128x128,cybershot,dsc,red,t33",ui,Cybershot Dsc T33 Red 128X128 icon
Cybershot_DSC_-T33_red__16x16,cybershot-dsc-t33-red-16x16,"cybershot,16x16,dsc,red,t33",ui,Cybershot Dsc T33 Red 16X16 icon
Cybershot_DSC_-T33_red__32x32,cybershot-dsc-t33-red-32x32,"cybershot,dsc,red,t33,32x32",ui,Cybershot Dsc T33 Red 32X32 icon
Cybershot_DSC_-T33_red__48x48,cybershot-dsc-t33-red-48x48,"48x48,cybershot,dsc,red,t33",ui,Cybershot Dsc T33 Red 48X48 icon
Cybershot_DSC_-T33_white__128x128,cybershot-dsc-t33-white-128x128,"128x128,cybershot,white,dsc,t33",ui,Cybershot Dsc T33 White 128X128 icon
Cybershot_DSC_-T33_white__16x16,cybershot-dsc-t33-white-16x16,"cybershot,16x16,white,dsc,t33",ui,Cybershot Dsc T33 White 16X16 icon
Cybershot_DSC_-T33_white__32x32,cybershot-dsc-t33-white-32x32,"cybershot,white,dsc,t33,32x32",ui,Cybershot Dsc T33 White 32X32 icon
Cybershot_DSC_-T33_white__48x48,cybershot-dsc-t33-white-48x48,"48x48,cybershot,white,dsc,t33",ui,Cybershot Dsc T33 White 48X48 icon
Cybershot_DSC_-T3_48x48,cybershot-dsc-t3-48x48,"cybershot,48x48,t3,dsc",ui,Cybershot Dsc T3 48X48 icon
Cycle_48x48,cycle-48x48,"48x48,cycle",ui,Cycle 48X48 icon
danger_24x24,danger-24x24,"24x24,danger",ui,Danger 24X24 icon
Danger_32x32,danger-32x32,"danger,32x32",ui,Danger 32X32 icon
Database_16x16,database-16x16,"database,16x16",development,Database 16X16 icon
database_24x24,database-24x24,"database,24x24",development,Database 24X24 icon
date_32x32,date-32x32,"32x32,date",ui,Date 32X32 icon
Date_and_time_48x48,date-and-time-48x48,"time,48x48,and,date",ui,Date And Time 48X48 icon
Day_48x48,day-48x48,"48x48,day",ui,Day 48X48 icon
Decrease_time_32x32,decrease-time-32x32,"time,32x32,decrease",ui,Decrease Time 32X32 icon
delete_24x24,delete-24x24,"delete,24x24",ui,Delete 24X24 icon
Delete_32x32,delete-32x32,"delete,32x32",ui,Delete 32X32 icon
Delete_event_48x48,delete-event-48x48,"delete,event,48x48",ui,Delete Event 48X48 icon
Delete_frame_32x32,delete-frame-32x32,"delete,frame,32x32",ui,Delete Frame 32X32 icon
Delete_frames_32x32,delete-frames-32x32,"delete,frames,32x32",ui,Delete Frames 32X32 icon
Delivery_16x16,delivery-16x16,"delivery,16x16",ui,Delivery 16X16 icon
delivery_24x24,delivery-24x24,"24x24,delivery",ui,Delivery 24X24 icon
DELL_24_inch_128x128,dell-24-inch-128x128,"inch,128x128,dell,24",ui,Dell 24 Inch 128X128 icon
DELL_24_inch_16x16,dell-24-inch-16x16,"inch,16x16,dell,24",ui,Dell 24 Inch 16X16 icon
DELL_24_inch_32x32,dell-24-inch-32x32,"inch,32x32,dell,24",ui,Dell 24 Inch 32X32 icon
DELL_24_inch_48x48,dell-24-inch-48x48,"inch,48x48,dell,24",ui,Dell 24 Inch 48X48 icon
Designer_32x32,designer-32x32,"designer,32x32",ui,Designer 32X32 icon
desktop_24x24,desktop-24x24,"24x24,desktop",ui,Desktop 24X24 icon
deviantart_32x32,deviantart-32x32,"deviantart,32x32",ui,Deviantart 32X32 icon
deviantart_48x48,deviantart-48x48,"deviantart,48x48",ui,Deviantart 48X48 icon
diagram_24x24,diagram-24x24,"24x24,diagram",ui,Diagram 24X24 icon
Diagram_32x32,diagram-32x32,"diagram,32x32",ui,Diagram 32X32 icon
Dial_16x16,dial-16x16,"dial,16x16",ui,Dial 16X16 icon
dial_24x24,dial-24x24,"24x24,dial",ui,Dial 24X24 icon
dice_24x24,dice-24x24,"dice,24x24",ui,Dice 24X24 icon
digg_32x32,digg-32x32,"32x32,digg",ui,Digg 32X32 icon
digg_48x48,digg-48x48,"48x48,digg",ui,Digg 48X48 icon
disaster_24x24,disaster-24x24,"24x24,disaster",ui,Disaster 24X24 icon
Disaster_48x48,disaster-48x48,"48x48,disaster",ui,Disaster 48X48 icon
disconnect_24x24,disconnect-24x24,"24x24,disconnect",ui,Disconnect 24X24 icon
discussion_24x24,discussion-24x24,"24x24,discussion",ui,Discussion 24X24 icon
Diskette_32x32,diskette-32x32,"32x32,diskette",ui,Diskette 32X32 icon
Display_16x16_16x16,display-16x16-16x16,"display,16x16",ui,Display 16X16 16X16 icon
display_24x24,display-24x24,"display,24x24",ui,Display 24X24 icon
doc_32x32,doc-32x32,"doc,32x32",files,Doc 32X32 icon
document_24x24,document-24x24,"24x24,document",files,Document 24X24 icon
documents_24x24,documents-24x24,"24x24,documents",files,Documents 24X24 icon
dog_24x24,dog-24x24,"dog,24x24",ui,Dog 24X24 icon
Dollar_16x16,dollar-16x16,"16x16,dollar",ui,Dollar 16X16 icon
dollar_24x24,dollar-24x24,"24x24,dollar",ui,Dollar 24X24 icon
Done_event_48x48,done-event-48x48,"event,done,48x48",ui,Done Event 48X48 icon
Door_16x16,door-16x16,"door,16x16",ui,Door 16X16 icon
door_24x24,door-24x24,"door,24x24",ui,Door 24X24 icon
down_24x24,down-24x24,"24x24,down",ui,Down 24X24 icon
Down_32x32,down-32x32,"down,32x32",ui,Down 32X32 icon
download_32x32,download-32x32,"download,32x32",ui,Download 32X32 icon
Download_32x32,download-32x32,"download,32x32",ui,Download 32X32 icon
Download_image_32x32,download-image-32x32,"image,download,32x32",ui,Download Image 32X32 icon
Downloads_folder_16x16,downloads-folder-16x16,"downloads,16x16,folder",files,Downloads Folder 16X16 icon
downloads_folder_24x24,downloads-folder-24x24,"downloads,24x24,folder",files,Downloads Folder 24X24 icon
Dreamweaver_16x16,dreamweaver-16x16,"dreamweaver,16x16",ui,Dreamweaver 16X16 icon
Dreamweaver_32x32,dreamweaver-32x32,"dreamweaver,32x32",ui,Dreamweaver 32X32 icon
dribbble_32x32,dribbble-32x32,"dribbble,32x32",ui,Dribbble 32X32 icon
dribbble_48x48,dribbble-48x48,"dribbble,48x48",ui,Dribbble 48X48 icon
Dropper_32x32,dropper-32x32,"dropper,32x32",ui,Dropper 32X32 icon
Drugstore_128x128,drugstore-128x128,"drugstore,128x128",ui,Drugstore 128X128 icon
Drugstore_16x16,drugstore-16x16,"drugstore,16x16",ui,Drugstore 16X16 icon
Drugstore_24x24,drugstore-24x24,"drugstore,24x24",ui,Drugstore 24X24 icon
Drugstore_256x256,drugstore-256x256,"drugstore,256x256",ui,Drugstore 256X256 icon
Drugstore_32x32,drugstore-32x32,"drugstore,32x32",ui,Drugstore 32X32 icon
Drugstore_48x48,drugstore-48x48,"drugstore,48x48",ui,Drugstore 48X48 icon
Drugstore_64x64,drugstore-64x64,"drugstore,64x64",ui,Drugstore 64X64 icon
Drugstore_72x72,drugstore-72x72,"drugstore,72x72",ui,Drugstore 72X72 icon
Drugstore_80x80,drugstore-80x80,"drugstore,80x80",ui,Drugstore 80X80 icon
Drugstore_96x96,drugstore-96x96,"drugstore,96x96",ui,Drugstore 96X96 icon
DVD_128x128,dvd-128x128,"128x128,dvd",ui,Dvd 128X128 icon
DVD_16x16,dvd-16x16,"16x16,dvd",ui,Dvd 16X16 icon
dvd_32x32,dvd-32x32,"32x32,dvd",ui,Dvd 32X32 icon
DVD_32x32,dvd-32x32,"32x32,dvd",ui,Dvd 32X32 icon
DVD_48x48,dvd-48x48,"48x48,dvd",ui,Dvd 48X48 icon
dvd-copy_32x32,dvd-copy-32x32,"copy,32x32,dvd",ui,Dvd Copy 32X32 icon
Earth_16x16,earth-16x16,"earth,16x16",ui,Earth 16X16 icon
earth_32x32,earth-32x32,"earth,32x32",ui,Earth 32X32 icon
Earth_32x32,earth-32x32,"earth,32x32",ui,Earth 32X32 icon
Earth_48x48,earth-48x48,"48x48,earth",ui,Earth 48X48 icon
edit_32x32,edit-32x32,"edit,32x32",ui,Edit 32X32 icon
Edit_32x32,edit-32x32,"edit,32x32",ui,Edit 32X32 icon
Edit_page_32x32,edit-page-32x32,"edit,page,32x32",files,Edit Page 32X32 icon
Edit_text_32x32,edit-text-32x32,"text,edit,32x32",files,Edit Text 32X32 icon
Eject_16x16,eject-16x16,"eject,16x16",ui,Eject 16X16 icon
eject_24x24,eject-24x24,"eject,24x24",ui,Eject 24X24 icon
Ellipse_32x32,ellipse-32x32,"ellipse,32x32",ui,Ellipse 32X32 icon
e-mail_24x24,e-mail-24x24,"24x24,e,mail",ui,E Mail 24X24 icon
E-mail_32x32,e-mail-32x32,"32x32,e,mail",ui,E Mail 32X32 icon
Emergency_off_48x48,emergency-off-48x48,"48x48,emergency,off",ui,Emergency Off 48X48 icon
Emergency_on_48x48,emergency-on-48x48,"48x48,on,emergency",ui,Emergency On 48X48 icon
Enlarge_time_48x48,enlarge-time-48x48,"time,48x48,enlarge",ui,Enlarge Time 48X48 icon
Enstein_16x16,enstein-16x16,"16x16,enstein",ui,Enstein 16X16 icon
Enstein_32x32,enstein-32x32,"32x32,enstein",ui,Enstein 32X32 icon
Enstein_48x48,enstein-48x48,"48x48,enstein",ui,Enstein 48X48 icon
equipment_24x24,equipment-24x24,"equipment,24x24",ui,Equipment 24X24 icon
Equipment_32x32,equipment-32x32,"equipment,32x32",ui,Equipment 32X32 icon
erase_24x24,erase-24x24,"24x24,erase",ui,Erase 24X24 icon
Erase_32x32,erase-32x32,"erase,32x32",ui,Erase 32X32 icon
Eraser_32x32,eraser-32x32,"eraser,32x32",ui,Eraser 32X32 icon
error_24x24,error-24x24,"24x24,error",ui,Error 24X24 icon
Error_32x32,error-32x32,"32x32,error",ui,Error 32X32 icon
Euro_16x16,euro-16x16,"euro,16x16",ui,Euro 16X16 icon
euro_24x24,euro-24x24,"euro,24x24",ui,Euro 24X24 icon
Event_48x48,event-48x48,"event,48x48",ui,Event 48X48 icon
Event_info_48x48,event-info-48x48,"event,48x48,info",ui,Event Info 48X48 icon
Event_manager_48x48,event-manager-48x48,"manager,event,48x48",ui,Event Manager 48X48 icon
Events_48x48,events-48x48,"48x48,events",ui,Events 48X48 icon
Event_status_48x48,event-status-48x48,"event,48x48,status",ui,Event Status 48X48 icon
Execute_48x48,execute-48x48,"48x48,execute",ui,Execute 48X48 icon
exit_24x24,exit-24x24,"24x24,exit",ui,Exit 24X24 icon
Exit_32x32,exit-32x32,"32x32,exit",ui,Exit 32X32 icon
exit_button_24x24,exit-button-24x24,"button,24x24,exit",ui,Exit Button 24X24 icon
Expand_16x16,expand-16x16,"expand,16x16",ui,Expand 16X16 icon
expand_24x24,expand-24x24,"24x24,expand",ui,Expand 24X24 icon
eXperience_speakers_128x128,experience-speakers-128x128,"speakers,128x128,experience",ui,Experience Speakers 128X128 icon
eXperience_speakers_16x16,experience-speakers-16x16,"speakers,16x16,experience",ui,Experience Speakers 16X16 icon
eXperience_speakers_32x32,experience-speakers-32x32,"speakers,32x32,experience",ui,Experience Speakers 32X32 icon
eXperience_speakers_48x48,experience-speakers-48x48,"speakers,48x48,experience",ui,Experience Speakers 48X48 icon
eXperience_speakers_twin__128x128,experience-speakers-twin-128x128,"speakers,twin,128x128,experience",ui,Experience Speakers Twin 128X128 icon
eXperience_speakers_twin__16x16,experience-speakers-twin-16x16,"speakers,twin,16x16,experience",ui,Experience Speakers Twin 16X16 icon
eXperience_speakers_twin__32x32,experience-speakers-twin-32x32,"speakers,twin,32x32,experience",ui,Experience Speakers Twin 32X32 icon
eXperience_speakers_twin__48x48,experience-speakers-twin-48x48,"speakers,48x48,twin,experience",ui,Experience Speakers Twin 48X48 icon
Export_32x32,export-32x32,"export,32x32",ui,Export 32X32 icon
Eye_16x16,eye-16x16,"eye,16x16",ui,Eye 16X16 icon
eye_24x24,eye-24x24,"24x24,eye",ui,Eye 24X24 icon
Fall_16x16,fall-16x16,"16x16,fall",ui,Fall 16X16 icon
fall_24x24,fall-24x24,"24x24,fall",ui,Fall 24X24 icon
Farmer_16x16,farmer-16x16,"16x16,farmer",ui,Farmer 16X16 icon
Farmer_32x32,farmer-32x32,"32x32,farmer",ui,Farmer 32X32 icon
Farmer_48x48,farmer-48x48,"48x48,farmer",ui,Farmer 48X48 icon
Fast_48x48,fast-48x48,"48x48,fast",ui,Fast 48X48 icon
Fast-forward_16x16,fast-forward-16x16,"16x16,forward,fast",ui,Fast Forward 16X16 icon
fast-forward_24x24,fast-forward-24x24,"forward,24x24,fast",ui,Fast Forward 24X24 icon
favourites_24x24,favourites-24x24,"24x24,favourites",ui,Favourites 24X24 icon
Favourites_32x32,favourites-32x32,"32x32,favourites",ui,Favourites 32X32 icon
fax_24x24,fax-24x24,"fax,24x24",ui,Fax 24X24 icon
Feather_32x32,feather-32x32,"feather,32x32",ui,Feather 32X32 icon
Female_16x16,female-16x16,"16x16,female",ui,Female 16X16 icon
female_24x24,female-24x24,"24x24,female",ui,Female 24X24 icon
Female_symbol_16x16,female-symbol-16x16,"symbol,female,16x16",ui,Female Symbol 16X16 icon
female_symbol_24x24,female-symbol-24x24,"symbol,24x24,female",ui,Female Symbol 24X24 icon
File_exetension_32x32,file-exetension-32x32,"exetension,file,32x32",files,File Exetension 32X32 icon
Fill_32x32,fill-32x32,"fill,32x32",ui,Fill 32X32 icon
FilleZilla_16x16,fillezilla-16x16,"16x16,fillezilla",ui,Fillezilla 16X16 icon
FilleZilla_32x32,fillezilla-32x32,"32x32,fillezilla",ui,Fillezilla 32X32 icon
Film_16x16,film-16x16,"16x16,film",ui,Film 16X16 icon
film_24x24,film-24x24,"24x24,film",ui,Film 24X24 icon
Filmclapper_48x48,filmclapper-48x48,"48x48,filmclapper",ui,Filmclapper 48X48 icon
Filter_16x16,filter-16x16,"filter,16x16",ui,Filter 16X16 icon
filter_24x24,filter-24x24,"filter,24x24",ui,Filter 24X24 icon
Finance_16x16,finance-16x16,"finance,16x16",ui,Finance 16X16 icon
Finance_32x32,finance-32x32,"finance,32x32",ui,Finance 32X32 icon
Finance_48x48,finance-48x48,"finance,48x48",ui,Finance 48X48 icon
Find_16x16,find-16x16,"find,16x16",ui,Find 16X16 icon
find_24x24,find-24x24,"find,24x24",ui,Find 24X24 icon
Find_32x32,find-32x32,"find,32x32",ui,Find 32X32 icon
Find_48x48,find-48x48,"find,48x48",ui,Find 48X48 icon
Fine_brush_32x32,fine-brush-32x32,"brush,fine,32x32",ui,Fine Brush 32X32 icon
Fire_48x48,fire-48x48,"48x48,fire",ui,Fire 48X48 icon
Firebird_128x128,firebird-128x128,"128x128,firebird",ui,Firebird 128X128 icon
Firebird_16x16,firebird-16x16,"16x16,firebird",ui,Firebird 16X16 icon
Firebird_24x24,firebird-24x24,"24x24,firebird",ui,Firebird 24X24 icon
Firebird_32x32,firebird-32x32,"32x32,firebird",ui,Firebird 32X32 icon
Firebird_48x48,firebird-48x48,"48x48,firebird",ui,Firebird 48X48 icon
Firebird_64x64,firebird-64x64,"64x64,firebird",ui,Firebird 64X64 icon
Firebird_72x72,firebird-72x72,"firebird,72x72",ui,Firebird 72X72 icon
Firebird_96x96,firebird-96x96,"96x96,firebird",ui,Firebird 96X96 icon
Firefox_16x16,firefox-16x16,"firefox,16x16",ui,Firefox 16X16 icon
Firefox_32x32,firefox-32x32,"firefox,32x32",ui,Firefox 32X32 icon
Firefox_48x48,firefox-48x48,"48x48,firefox",ui,Firefox 48X48 icon
First_16x16,first-16x16,"first,16x16",ui,First 16X16 icon
first_24x24,first-24x24,"24x24,first",ui,First 24X24 icon
First_record_16x16,first-record-16x16,"first,16x16,record",ui,First Record 16X16 icon
first_record_24x24,first-record-24x24,"24x24,first,record",ui,First Record 24X24 icon
Flag_16x16,flag-16x16,"flag,16x16",ui,Flag 16X16 icon
flag_32x32,flag-32x32,"flag,32x32",ui,Flag 32X32 icon
Flash_drive_16x16,flash-drive-16x16,"flash,drive,16x16",ui,Flash Drive 16X16 icon
flash_drive_24x24,flash-drive-24x24,"flash,drive,24x24",ui,Flash Drive 24X24 icon
Flip_32x32,flip-32x32,"flip,32x32",ui,Flip 32X32 icon
Flip_horizontally_32x32,flip-horizontally-32x32,"flip,horizontally,32x32",ui,Flip Horizontally 32X32 icon
Flip_vertically_32x32,flip-vertically-32x32,"flip,vertically,32x32",ui,Flip Vertically 32X32 icon
flow_block_24x24,flow-block-24x24,"block,24x24,flow",security,Flow Block 24X24 icon
Flow_block_32x32,flow-block-32x32,"block,32x32,flow",security,Flow Block 32X32 icon
flower_32x32,flower-32x32,"flower,32x32",ui,Flower 32X32 icon
Flower_32x32,flower-32x32,"flower,32x32",ui,Flower 32X32 icon
folder_24x24,folder-24x24,"24x24,folder",files,Folder 24X24 icon
Folder_32x32,folder-32x32,"32x32,folder",files,Folder 32X32 icon
Forbidden_16x16,forbidden-16x16,"forbidden,16x16",ui,Forbidden 16X16 icon
forbidden_24x24,forbidden-24x24,"24x24,forbidden",ui,Forbidden 24X24 icon
Form_32x32,form-32x32,"32x32,form",ui,Form 32X32 icon
forward_24x24,forward-24x24,"forward,24x24",ui,Forward 24X24 icon
Forward_32x32,forward-32x32,"forward,32x32",ui,Forward 32X32 icon
Frames_32x32,frames-32x32,"frames,32x32",ui,Frames 32X32 icon
free_24x24,free-24x24,"free,24x24",ui,Free 24X24 icon
Free_bsd_16x16,free-bsd-16x16,"free,16x16,bsd",ui,Free Bsd 16X16 icon
free_bsd_24x24,free-bsd-24x24,"free,24x24,bsd",ui,Free Bsd 24X24 icon
Free_download_16x16,free-download-16x16,"free,download,16x16",ui,Free Download 16X16 icon
Free_download_32x32,free-download-32x32,"free,download,32x32",ui,Free Download 32X32 icon
Free_download_48x48,free-download-48x48,"free,48x48,download",ui,Free Download 48X48 icon
friends_24x24,friends-24x24,"24x24,friends",ui,Friends 24X24 icon
full_basket_24x24,full-basket-24x24,"24x24,full,basket",ui,Full Basket 24X24 icon
Full_recycle_bin_16x16,full-recycle-bin-16x16,"recycle,full,16x16,bin",ui,Full Recycle Bin 16X16 icon
Full_recycle_bin_32x32,full-recycle-bin-32x32,"recycle,full,32x32,bin",ui,Full Recycle Bin 32X32 icon
Full_recycle_bin_48x48,full-recycle-bin-48x48,"recycle,48x48,full,bin",ui,Full Recycle Bin 48X48 icon
Full_trash_can_16x16,full-trash-can-16x16,"can,full,16x16,trash",ui,Full Trash Can 16X16 icon
Full_trash_can_32x32,full-trash-can-32x32,"can,full,32x32,trash",ui,Full Trash Can 32X32 icon
Full_trash_can_48x48,full-trash-can-48x48,"48x48,can,full,trash",ui,Full Trash Can 48X48 icon
Funnel_32x32,funnel-32x32,"32x32,funnel",ui,Funnel 32X32 icon
funny_24x24,funny-24x24,"24x24,funny",ui,Funny 24X24 icon
game_controller_24x24,game-controller-24x24,"controller,game,24x24",ui,Game Controller 24X24 icon
Gauge_48x48,gauge-48x48,"48x48,gauge",ui,Gauge 48X48 icon
gear_24x24,gear-24x24,"gear,24x24",tools,Gear 24X24 icon
genealogy_24x24,genealogy-24x24,"24x24,genealogy",ui,Genealogy 24X24 icon
Gift_16x16,gift-16x16,"gift,16x16",ui,Gift 16X16 icon
gift_24x24,gift-24x24,"24x24,gift",ui,Gift 24X24 icon
girl_24x24,girl-24x24,"24x24,girl",ui,Girl 24X24 icon
Global_network_16x16,global-network-16x16,"network,global,16x16",network,Global Network 16X16 icon
Global_network_32x32,global-network-32x32,"network,global,32x32",network,Global Network 32X32 icon
Global_network_48x48,global-network-48x48,"network,48x48,global",network,Global Network 48X48 icon
Global_time_48x48,global-time-48x48,"time,48x48,global",ui,Global Time 48X48 icon
globe_24x24,globe-24x24,"24x24,globe",network,Globe 24X24 icon
Globe_48x48,globe-48x48,"48x48,globe",network,Globe 48X48 icon
go_24x24,go-24x24,"24x24,go",ui,Go 24X24 icon
Go_48x48,go-48x48,"48x48,go",ui,Go 48X48 icon
Go_back_16x16,go-back-16x16,"go,16x16,back",ui,Go Back 16X16 icon
go_back_24x24,go-back-24x24,"24x24,go,back",ui,Go Back 24X24 icon
goblet_16x16,goblet-16x16,"goblet,16x16",ui,Goblet 16X16 icon
goblet_32x32,goblet-32x32,"goblet,32x32",ui,Goblet 32X32 icon
goblet_48x48,goblet-48x48,"goblet,48x48",ui,Goblet 48X48 icon
Go_down_32x32,go-down-32x32,"go,32x32,down",ui,Go Down 32X32 icon
Go_forward_16x16,go-forward-16x16,"forward,go,16x16",ui,Go Forward 16X16 icon
go_forward_24x24,go-forward-24x24,"24x24,forward,go",ui,Go Forward 24X24 icon
Good_mark_16x16,good-mark-16x16,"mark,good,16x16",ui,Good Mark 16X16 icon
good_mark_24x24,good-mark-24x24,"mark,good,24x24",ui,Good Mark 24X24 icon
Googletalk_16x16,googletalk-16x16,"16x16,googletalk",ui,Googletalk 16X16 icon
Googletalk_24x24,googletalk-24x24,"24x24,googletalk",ui,Googletalk 24X24 icon
Googletalk_256x256,googletalk-256x256,"256x256,googletalk",ui,Googletalk 256X256 icon
Googletalk_32x32,googletalk-32x32,"googletalk,32x32",ui,Googletalk 32X32 icon
Googletalk_48x48,googletalk-48x48,"48x48,googletalk",ui,Googletalk 48X48 icon
Go_up_32x32,go-up-32x32,"go,32x32,up",ui,Go Up 32X32 icon
Goverment_128x128,goverment-128x128,"128x128,goverment",ui,Goverment 128X128 icon
Goverment_16x16,goverment-16x16,"goverment,16x16",ui,Goverment 16X16 icon
Goverment_24x24,goverment-24x24,"24x24,goverment",ui,Goverment 24X24 icon
Goverment_256x256,goverment-256x256,"256x256,goverment",ui,Goverment 256X256 icon
Goverment_32x32,goverment-32x32,"goverment,32x32",ui,Goverment 32X32 icon
Goverment_48x48,goverment-48x48,"48x48,goverment",ui,Goverment 48X48 icon
Goverment_64x64,goverment-64x64,"64x64,goverment",ui,Goverment 64X64 icon
Goverment_72x72,goverment-72x72,"goverment,72x72",ui,Goverment 72X72 icon
Goverment_80x80,goverment-80x80,"80x80,goverment",ui,Goverment 80X80 icon
Goverment_96x96,goverment-96x96,"96x96,goverment",ui,Goverment 96X96 icon
Gpadient_32x32,gpadient-32x32,"gpadient,32x32",ui,Gpadient 32X32 icon
Graphic_designer_32x32,graphic-designer-32x32,"graphic,designer,32x32",ui,Graphic Designer 32X32 icon
Graphic_file_32x32,graphic-file-32x32,"graphic,file,32x32",files,Graphic File 32X32 icon
Graphic_tools_32x32,graphic-tools-32x32,"graphic,tools,32x32",tools,Graphic Tools 32X32 icon
Green_bookmark_16x16,green-bookmark-16x16,"green,bookmark,16x16",files,Green Bookmark 16X16 icon
green_bookmark_24x24,green-bookmark-24x24,"green,24x24,bookmark",files,Green Bookmark 24X24 icon
Green_pin_16x16,green-pin-16x16,"green,16x16,pin",ui,Green Pin 16X16 icon
green_pin_24x24,green-pin-24x24,"green,24x24,pin",ui,Green Pin 24X24 icon
Green_tag_16x16,green-tag-16x16,"green,tag,16x16",ui,Green Tag 16X16 icon
green_tag_24x24,green-tag-24x24,"green,tag,24x24",ui,Green Tag 24X24 icon
Grid_32x32,grid-32x32,"grid,32x32",ui,Grid 32X32 icon
Griffin_AirClick_for_iPod_128x128,griffin-airclick-for-ipod-128x128,"ipod,airclick,griffin,128x128,for",ui,Griffin Airclick For Ipod 128X128 icon
Griffin_AirClick_for_iPod_16x16,griffin-airclick-for-ipod-16x16,"ipod,airclick,griffin,16x16,for",ui,Griffin Airclick For Ipod 16X16 icon
Griffin_AirClick_for_iPod_32x32,griffin-airclick-for-ipod-32x32,"ipod,airclick,32x32,griffin,for",ui,Griffin Airclick For Ipod 32X32 icon
Griffin_AirClick_for_iPod_48x48,griffin-airclick-for-ipod-48x48,"ipod,48x48,airclick,griffin,for",ui,Griffin Airclick For Ipod 48X48 icon
Griffin_AirClick_for_iPodmini_128x128,griffin-airclick-for-ipodmini-128x128,"airclick,ipodmini,griffin,128x128,for",ui,Griffin Airclick For Ipodmini 128X128 icon
Griffin_AirClick_for_iPodmini_16x16,griffin-airclick-for-ipodmini-16x16,"airclick,ipodmini,griffin,16x16,for",ui,Griffin Airclick For Ipodmini 16X16 icon
Griffin_AirClick_for_iPodmini_32x32,griffin-airclick-for-ipodmini-32x32,"airclick,ipodmini,griffin,for,32x32",ui,Griffin Airclick For Ipodmini 32X32 icon
Griffin_AirClick_for_iPodmini_48x48,griffin-airclick-for-ipodmini-48x48,"48x48,airclick,ipodmini,griffin,for",ui,Griffin Airclick For Ipodmini 48X48 icon
Hammer_16x16,hammer-16x16,"hammer,16x16",tools,Hammer 16X16 icon
Hammer_32x32,hammer-32x32,"hammer,32x32",tools,Hammer 32X32 icon
Hammer_48x48,hammer-48x48,"hammer,48x48",tools,Hammer 48X48 icon
handshake_24x24,handshake-24x24,"24x24,handshake",ui,Handshake 24X24 icon
Hangar_128x128,hangar-128x128,"hangar,128x128",ui,Hangar 128X128 icon
Hangar_16x16,hangar-16x16,"hangar,16x16",ui,Hangar 16X16 icon
Hangar_24x24,hangar-24x24,"hangar,24x24",ui,Hangar 24X24 icon
Hangar_256x256,hangar-256x256,"256x256,hangar",ui,Hangar 256X256 icon
Hangar_32x32,hangar-32x32,"hangar,32x32",ui,Hangar 32X32 icon
Hangar_48x48,hangar-48x48,"hangar,48x48",ui,Hangar 48X48 icon
Hangar_64x64,hangar-64x64,"hangar,64x64",ui,Hangar 64X64 icon
Hangar_72x72,hangar-72x72,"hangar,72x72",ui,Hangar 72X72 icon
Hangar_80x80,hangar-80x80,"hangar,80x80",ui,Hangar 80X80 icon
Hangar_96x96,hangar-96x96,"hangar,96x96",ui,Hangar 96X96 icon
Happy_16x16,happy-16x16,"happy,16x16",emoji,Happy 16X16 icon
happy_24x24,happy-24x24,"happy,24x24",emoji,Happy 24X24 icon
Happy_32x32,happy-32x32,"happy,32x32",emoji,Happy 32X32 icon
Happy_48x48,happy-48x48,"happy,48x48",emoji,Happy 48X48 icon
Hard_disk_16x16,hard-disk-16x16,"hard,disk,16x16",ui,Hard Disk 16X16 icon
hard_disk_24x24,hard-disk-24x24,"hard,disk,24x24",ui,Hard Disk 24X24 icon
Harman_Kardon_SoundSticks_II_128x128,harman-kardon-soundsticks-ii-128x128,"kardon,harman,soundsticks,128x128,ii",ui,Harman Kardon Soundsticks Ii 128X128 icon
Harman_Kardon_SoundSticks_II_16x16,harman-kardon-soundsticks-ii-16x16,"kardon,16x16,harman,soundsticks,ii",ui,Harman Kardon Soundsticks Ii 16X16 icon
Harman_Kardon_SoundSticks_II_32x32,harman-kardon-soundsticks-ii-32x32,"kardon,harman,soundsticks,32x32,ii",ui,Harman Kardon Soundsticks Ii 32X32 icon
Harman_Kardon_SoundSticks_II_48x48,harman-kardon-soundsticks-ii-48x48,"48x48,kardon,harman,soundsticks,ii",ui,Harman Kardon Soundsticks Ii 48X48 icon
Harman_Kardon_SoundSticks_II_Speakers_128x128,harman-kardon-soundsticks-ii-speakers-128x128,"kardon,harman,speakers,soundsticks,128x128",ui,Harman Kardon Soundsticks Ii Speakers 128X128 icon
Harman_Kardon_SoundSticks_II_Speakers_16x16,harman-kardon-soundsticks-ii-speakers-16x16,"kardon,harman,16x16,speakers,soundsticks",ui,Harman Kardon Soundsticks Ii Speakers 16X16 icon
Harman_Kardon_SoundSticks_II_Speakers_32x32,harman-kardon-soundsticks-ii-speakers-32x32,"kardon,harman,speakers,soundsticks,32x32",ui,Harman Kardon Soundsticks Ii Speakers 32X32 icon
Harman_Kardon_SoundSticks_II_Speakers_48x48,harman-kardon-soundsticks-ii-speakers-48x48,"48x48,kardon,harman,speakers,soundsticks",ui,Harman Kardon Soundsticks Ii Speakers 48X48 icon
Harman_Kardon_SoundSticks_II_Speakers_only__128x128,harman-kardon-soundsticks-ii-speakers-only-128x128,"only,kardon,harman,speakers,soundsticks",ui,Harman Kardon Soundsticks Ii Speakers Only 128X128 icon
Harman_Kardon_SoundSticks_II_Speakers_only__16x16,harman-kardon-soundsticks-ii-speakers-only-16x16,"only,kardon,harman,16x16,speakers",ui,Harman Kardon Soundsticks Ii Speakers Only 16X16 icon
Harman_Kardon_SoundSticks_II_Speakers_only__32x32,harman-kardon-soundsticks-ii-speakers-only-32x32,"only,kardon,harman,speakers,soundsticks",ui,Harman Kardon Soundsticks Ii Speakers Only 32X32 icon
Harman_Kardon_SoundSticks_II_Speakers_only__48x48,harman-kardon-soundsticks-ii-speakers-only-48x48,"only,48x48,kardon,harman,speakers",ui,Harman Kardon Soundsticks Ii Speakers Only 48X48 icon
hat_16x16,hat-16x16,"hat,16x16",ui,Hat 16X16 icon
hat_32x32,hat-32x32,"hat,32x32",ui,Hat 32X32 icon
hat_48x48,hat-48x48,"hat,48x48",ui,Hat 48X48 icon
Heart_16x16,heart-16x16,"16x16,heart",ui,Heart 16X16 icon
heart_24x24,heart-24x24,"24x24,heart",ui,Heart 24X24 icon
help1_24x24,help1-24x24,"help1,24x24",ui,Help1 24X24 icon
help_32x32,help-32x32,"help,32x32",ui,Help 32X32 icon
Help_32x32,help-32x32,"help,32x32",ui,Help 32X32 icon
help_book_24x24,help-book-24x24,"help,24x24,book",files,Help Book 24X24 icon
Help_book_32x32,help-book-32x32,"help,book,32x32",files,Help Book 32X32 icon
Help_book_3d_16x16,help-book-3d-16x16,"help,3d,book,16x16",files,Help Book 3D 16X16 icon
help_book_3d_24x24,help-book-3d-24x24,"24x24,help,3d,book",files,Help Book 3D 24X24 icon
Help_symbol_16x16,help-symbol-16x16,"symbol,help,16x16",ui,Help Symbol 16X16 icon
Hexagon_32x32,hexagon-32x32,"32x32,hexagon",ui,Hexagon 32X32 icon
Hide_32x32,hide-32x32,"32x32,hide",ui,Hide 32X32 icon
hierarchy_24x24,hierarchy-24x24,"24x24,hierarchy",ui,Hierarchy 24X24 icon
hint_24x24,hint-24x24,"24x24,hint",ui,Hint 24X24 icon
Hint_32x32,hint-32x32,"hint,32x32",ui,Hint 32X32 icon
Hints_32x32,hints-32x32,"hints,32x32",ui,Hints 32X32 icon
history_24x24,history-24x24,"24x24,history",ui,History 24X24 icon
History_48x48,history-48x48,"48x48,history",ui,History 48X48 icon
Holidays_48x48,holidays-48x48,"48x48,holidays",ui,Holidays 48X48 icon
home_24x24,home-24x24,"home,24x24",ui,Home 24X24 icon
Home_32x32,home-32x32,"home,32x32",ui,Home 32X32 icon
Home_page_16x16,home-page-16x16,"16x16,home,page",files,Home Page 16X16 icon
Home_page_32x32,home-page-32x32,"home,page,32x32",files,Home Page 32X32 icon
Homepage_32x32,homepage-32x32,"homepage,32x32",files,Homepage 32X32 icon
Home_page_48x48,home-page-48x48,"home,48x48,page",files,Home Page 48X48 icon
hourglass_24x24,hourglass-24x24,"hourglass,24x24",ui,Hourglass 24X24 icon
Hourglass_48x48,hourglass-48x48,"hourglass,48x48",ui,Hourglass 48X48 icon
House_16x16,house-16x16,"16x16,house",ui,House 16X16 icon
House_32x32,house-32x32,"32x32,house",ui,House 32X32 icon
House_48x48,house-48x48,"48x48,house",ui,House 48X48 icon
How-to_16x16,how-to-16x16,"to,16x16,how",ui,How To 16X16 icon
how-to_24x24,how-to-24x24,"to,24x24,how",ui,How To 24X24 icon
HSL_32x32,hsl-32x32,"hsl,32x32",ui,Hsl 32X32 icon
HSV_32x32,hsv-32x32,"hsv,32x32",ui,Hsv 32X32 icon
Hungup_16x16,hungup-16x16,"hungup,16x16",ui,Hungup 16X16 icon
hungup_24x24,hungup-24x24,"hungup,24x24",ui,Hungup 24X24 icon
Ico_32x32,ico-32x32,"ico,32x32",ui,Ico 32X32 icon
Icon_wizard_32x32,icon-wizard-32x32,"icon,32x32,wizard",ui,Icon Wizard 32X32 icon
Icq_16x16,icq-16x16,"16x16,icq",ui,Icq 16X16 icon
Icq_24x24,icq-24x24,"24x24,icq",ui,Icq 24X24 icon
Icq_256x256,icq-256x256,"256x256,icq",ui,Icq 256X256 icon
Icq_32x32,icq-32x32,"32x32,icq",ui,Icq 32X32 icon
Icq_48x48,icq-48x48,"48x48,icq",ui,Icq 48X48 icon
id-card_32x32,id-card-32x32,"id,32x32,card",ui,Id Card 32X32 icon
iMac_128x128,imac-128x128,"imac,128x128",ui,Imac 128X128 icon
iMac_16x16,imac-16x16,"imac,16x16",ui,Imac 16X16 icon
iMac_24x24,imac-24x24,"imac,24x24",ui,Imac 24X24 icon
iMac_256x256,imac-256x256,"256x256,imac",ui,Imac 256X256 icon
iMac_32x32,imac-32x32,"imac,32x32",ui,Imac 32X32 icon
iMac_48x48,imac-48x48,"imac,48x48",ui,Imac 48X48 icon
iMac_back_128x128,imac-back-128x128,"imac,back,128x128",ui,Imac Back 128X128 icon
iMac_back_16x16,imac-back-16x16,"imac,back,16x16",ui,Imac Back 16X16 icon
iMac_back_32x32,imac-back-32x32,"imac,back,32x32",ui,Imac Back 32X32 icon
iMac_back_48x48,imac-back-48x48,"imac,48x48,back",ui,Imac Back 48X48 icon
iMac_blue__128x128,imac-blue-128x128,"imac,blue,128x128",ui,Imac Blue 128X128 icon
iMac_blue__16x16,imac-blue-16x16,"imac,blue,16x16",ui,Imac Blue 16X16 icon
iMac_blue__32x32,imac-blue-32x32,"imac,blue,32x32",ui,Imac Blue 32X32 icon
iMac_blue__48x48,imac-blue-48x48,"imac,48x48,blue",ui,Imac Blue 48X48 icon
iMac_graphite__128x128,imac-graphite-128x128,"imac,graphite,128x128",ui,Imac Graphite 128X128 icon
iMac_graphite__16x16,imac-graphite-16x16,"imac,graphite,16x16",ui,Imac Graphite 16X16 icon
iMac_graphite__32x32,imac-graphite-32x32,"imac,graphite,32x32",ui,Imac Graphite 32X32 icon
iMac_graphite__48x48,imac-graphite-48x48,"imac,48x48,graphite",ui,Imac Graphite 48X48 icon
iMac_RC_128x128,imac-rc-128x128,"imac,rc,128x128",ui,Imac Rc 128X128 icon
iMac_RC_16x16,imac-rc-16x16,"imac,rc,16x16",ui,Imac Rc 16X16 icon
iMac_RC_24x24,imac-rc-24x24,"imac,24x24,rc",ui,Imac Rc 24X24 icon
iMac_RC_256x256,imac-rc-256x256,"256x256,imac,rc",ui,Imac Rc 256X256 icon
iMac_RC_32x32,imac-rc-32x32,"imac,rc,32x32",ui,Imac Rc 32X32 icon
iMac_RC_48x48,imac-rc-48x48,"imac,48x48,rc",ui,Imac Rc 48X48 icon
Import_32x32,import-32x32,"32x32,import",ui,Import 32X32 icon
Income_48x48,income-48x48,"48x48,income",ui,Income 48X48 icon
Increase_time_32x32,increase-time-32x32,"time,increase,32x32",ui,Increase Time 32X32 icon
Index_32x32,index-32x32,"32x32,index",ui,Index 32X32 icon
Industry_16x16,industry-16x16,"industry,16x16",ui,Industry 16X16 icon
industry_24x24,industry-24x24,"industry,24x24",ui,Industry 24X24 icon
Industry_32x32,industry-32x32,"industry,32x32",ui,Industry 32X32 icon
Industry_48x48,industry-48x48,"industry,48x48",ui,Industry 48X48 icon
info_24x24,info-24x24,"info,24x24",ui,Info 24X24 icon
Info_32x32,info-32x32,"info,32x32",ui,Info 32X32 icon
inMotion_iM11_black__128x128,inmotion-im11-black-128x128,"black,128x128,inmotion,im11",ui,Inmotion Im11 Black 128X128 icon
inMotion_iM11_black__16x16,inmotion-im11-black-16x16,"black,inmotion,16x16,im11",ui,Inmotion Im11 Black 16X16 icon
inMotion_iM11_black__32x32,inmotion-im11-black-32x32,"black,inmotion,32x32,im11",ui,Inmotion Im11 Black 32X32 icon
inMotion_iM11_black__48x48,inmotion-im11-black-48x48,"black,48x48,inmotion,im11",ui,Inmotion Im11 Black 48X48 icon
inMotion_iM11_white__128x128,inmotion-im11-white-128x128,"white,128x128,inmotion,im11",ui,Inmotion Im11 White 128X128 icon
inMotion_iM11_white__16x16,inmotion-im11-white-16x16,"white,inmotion,16x16,im11",ui,Inmotion Im11 White 16X16 icon
inMotion_iM11_white__32x32,inmotion-im11-white-32x32,"white,inmotion,32x32,im11",ui,Inmotion Im11 White 32X32 icon
inMotion_iM11_white__48x48,inmotion-im11-white-48x48,"white,48x48,inmotion,im11",ui,Inmotion Im11 White 48X48 icon
inMotion_iM3_black__128x128,inmotion-im3-black-128x128,"black,im3,inmotion,128x128",ui,Inmotion Im3 Black 128X128 icon
inMotion_iM3_black__16x16,inmotion-im3-black-16x16,"black,im3,inmotion,16x16",ui,Inmotion Im3 Black 16X16 icon
inMotion_iM3_black__32x32,inmotion-im3-black-32x32,"black,im3,inmotion,32x32",ui,Inmotion Im3 Black 32X32 icon
inMotion_iM3_black__48x48,inmotion-im3-black-48x48,"black,im3,inmotion,48x48",ui,Inmotion Im3 Black 48X48 icon
inMotion_iM3_white__128x128,inmotion-im3-white-128x128,"white,im3,inmotion,128x128",ui,Inmotion Im3 White 128X128 icon
inMotion_iM3_white__16x16,inmotion-im3-white-16x16,"white,im3,inmotion,16x16",ui,Inmotion Im3 White 16X16 icon
inMotion_iM3_white__32x32,inmotion-im3-white-32x32,"white,im3,inmotion,32x32",ui,Inmotion Im3 White 32X32 icon
inMotion_iM3_white__48x48,inmotion-im3-white-48x48,"white,48x48,im3,inmotion",ui,Inmotion Im3 White 48X48 icon
inMotion_iM5_black__128x128,inmotion-im5-black-128x128,"black,im5,inmotion,128x128",ui,Inmotion Im5 Black 128X128 icon
inMotion_iM5_black__16x16,inmotion-im5-black-16x16,"black,im5,inmotion,16x16",ui,Inmotion Im5 Black 16X16 icon
inMotion_iM5_black__32x32,inmotion-im5-black-32x32,"black,im5,inmotion,32x32",ui,Inmotion Im5 Black 32X32 icon
inMotion_iM5_black__48x48,inmotion-im5-black-48x48,"black,im5,inmotion,48x48",ui,Inmotion Im5 Black 48X48 icon
inMotion_iM5_white__128x128,inmotion-im5-white-128x128,"white,im5,inmotion,128x128",ui,Inmotion Im5 White 128X128 icon
inMotion_iM5_white__16x16,inmotion-im5-white-16x16,"white,im5,inmotion,16x16",ui,Inmotion Im5 White 16X16 icon
inMotion_iM5_white__32x32,inmotion-im5-white-32x32,"white,im5,inmotion,32x32",ui,Inmotion Im5 White 32X32 icon
inMotion_iM5_white__48x48,inmotion-im5-white-48x48,"white,48x48,im5,inmotion",ui,Inmotion Im5 White 48X48 icon
inMotion_iM7_black__128x128,inmotion-im7-black-128x128,"im7,black,128x128,inmotion",ui,Inmotion Im7 Black 128X128 icon
inMotion_iM7_black__16x16,inmotion-im7-black-16x16,"im7,black,inmotion,16x16",ui,Inmotion Im7 Black 16X16 icon
inMotion_iM7_black__32x32,inmotion-im7-black-32x32,"im7,black,inmotion,32x32",ui,Inmotion Im7 Black 32X32 icon
inMotion_iM7_black__48x48,inmotion-im7-black-48x48,"im7,black,48x48,inmotion",ui,Inmotion Im7 Black 48X48 icon
inMotion_iM7_white__128x128,inmotion-im7-white-128x128,"im7,white,128x128,inmotion",ui,Inmotion Im7 White 128X128 icon
inMotion_iM7_white__16x16,inmotion-im7-white-16x16,"im7,white,inmotion,16x16",ui,Inmotion Im7 White 16X16 icon
inMotion_iM7_white__32x32,inmotion-im7-white-32x32,"im7,white,inmotion,32x32",ui,Inmotion Im7 White 32X32 icon
inMotion_iM7_white__48x48,inmotion-im7-white-48x48,"im7,white,48x48,inmotion",ui,Inmotion Im7 White 48X48 icon
InternetExplorer9_16x16,internetexplorer9-16x16,"internetexplorer9,16x16",network,Internetexplorer9 16X16 icon
InternetExplorer9_32x32,internetexplorer9-32x32,"internetexplorer9,32x32",network,Internetexplorer9 32X32 icon
Inverted_color_32x32,inverted-color-32x32,"color,inverted,32x32",ui,Inverted Color 32X32 icon
In-yang_24x24,in-yang-24x24,"yang,24x24,in",ui,In Yang 24X24 icon
Iphone_24x24,iphone-24x24,"24x24,iphone",ui,Iphone 24X24 icon
iPod_128x128,ipod-128x128,"ipod,128x128",ui,Ipod 128X128 icon
iPod_16x16,ipod-16x16,"ipod,16x16",ui,Ipod 16X16 icon
iPod_24x24,ipod-24x24,"ipod,24x24",ui,Ipod 24X24 icon
iPod_256x256,ipod-256x256,"ipod,256x256",ui,Ipod 256X256 icon
iPod_32x32,ipod-32x32,"ipod,32x32",ui,Ipod 32X32 icon
iPod_48x48,ipod-48x48,"ipod,48x48",ui,Ipod 48X48 icon
iPod_black__128x128,ipod-black-128x128,"ipod,black,128x128",ui,Ipod Black 128X128 icon
iPod_black_128x128,ipod-black-128x128,"ipod,black,128x128",ui,Ipod Black 128X128 icon
iPod_black__16x16,ipod-black-16x16,"ipod,black,16x16",ui,Ipod Black 16X16 icon
iPod_black_16x16,ipod-black-16x16,"ipod,black,16x16",ui,Ipod Black 16X16 icon
iPod_black_24x24,ipod-black-24x24,"ipod,black,24x24",ui,Ipod Black 24X24 icon
iPod_black_256x256,ipod-black-256x256,"ipod,black,256x256",ui,Ipod Black 256X256 icon
iPod_black__32x32,ipod-black-32x32,"ipod,black,32x32",ui,Ipod Black 32X32 icon
iPod_black_32x32,ipod-black-32x32,"ipod,black,32x32",ui,Ipod Black 32X32 icon
iPod_black__48x48,ipod-black-48x48,"ipod,black,48x48",ui,Ipod Black 48X48 icon
iPod_black_48x48,ipod-black-48x48,"ipod,black,48x48",ui,Ipod Black 48X48 icon
iPod_Headphones_128x128,ipod-headphones-128x128,"ipod,128x128,headphones",ui,Ipod Headphones 128X128 icon
iPod_Headphones_16x16,ipod-headphones-16x16,"ipod,16x16,headphones",ui,Ipod Headphones 16X16 icon
iPod_Headphones_32x32,ipod-headphones-32x32,"ipod,32x32,headphones",ui,Ipod Headphones 32X32 icon
iPod_Headphones_48x48,ipod-headphones-48x48,"ipod,48x48,headphones",ui,Ipod Headphones 48X48 icon
iPod_nano_black__128x128,ipod-nano-black-128x128,"ipod,black,nano,128x128",ui,Ipod Nano Black 128X128 icon
iPod_nano_black__16x16,ipod-nano-black-16x16,"ipod,black,nano,16x16",ui,Ipod Nano Black 16X16 icon
iPod_nano_black__32x32,ipod-nano-black-32x32,"ipod,black,nano,32x32",ui,Ipod Nano Black 32X32 icon
iPod_nano_black__48x48,ipod-nano-black-48x48,"ipod,black,nano,48x48",ui,Ipod Nano Black 48X48 icon
iPod_nano_white__128x128,ipod-nano-white-128x128,"ipod,white,nano,128x128",ui,Ipod Nano White 128X128 icon
iPod_nano_white__16x16,ipod-nano-white-16x16,"ipod,white,nano,16x16",ui,Ipod Nano White 16X16 icon
iPod_nano_white__32x32,ipod-nano-white-32x32,"ipod,white,nano,32x32",ui,Ipod Nano White 32X32 icon
iPod_nano_white__48x48,ipod-nano-white-48x48,"ipod,white,48x48,nano",ui,Ipod Nano White 48X48 icon
iPod_white__128x128,ipod-white-128x128,"ipod,white,128x128",ui,Ipod White 128X128 icon
iPod_white__16x16,ipod-white-16x16,"ipod,white,16x16",ui,Ipod White 16X16 icon
iPod_white__32x32,ipod-white-32x32,"ipod,white,32x32",ui,Ipod White 32X32 icon
iPod_white__48x48,ipod-white-48x48,"ipod,white,48x48",ui,Ipod White 48X48 icon
iTrip_128x128,itrip-128x128,"itrip,128x128",ui,Itrip 128X128 icon
iTrip_16x16,itrip-16x16,"itrip,16x16",ui,Itrip 16X16 icon
iTrip_32x32,itrip-32x32,"itrip,32x32",ui,Itrip 32X32 icon
iTrip_48x48,itrip-48x48,"itrip,48x48",ui,Itrip 48X48 icon
JBL_Creature_II_black__128x128,jbl-creature-ii-black-128x128,"creature,black,jbl,128x128,ii",ui,Jbl Creature Ii Black 128X128 icon
JBL_Creature_II_black__16x16,jbl-creature-ii-black-16x16,"creature,black,16x16,jbl,ii",ui,Jbl Creature Ii Black 16X16 icon
JBL_Creature_II_black__32x32,jbl-creature-ii-black-32x32,"creature,black,jbl,32x32,ii",ui,Jbl Creature Ii Black 32X32 icon
JBL_Creature_II_black__48x48,jbl-creature-ii-black-48x48,"48x48,creature,black,jbl,ii",ui,Jbl Creature Ii Black 48X48 icon
JBL_Creature_II_mini_black__128x128,jbl-creature-ii-mini-black-128x128,"creature,black,mini,jbl,128x128",ui,Jbl Creature Ii Mini Black 128X128 icon
JBL_Creature_II_mini_black__16x16,jbl-creature-ii-mini-black-16x16,"creature,black,16x16,mini,jbl",ui,Jbl Creature Ii Mini Black 16X16 icon
JBL_Creature_II_mini_black__32x32,jbl-creature-ii-mini-black-32x32,"creature,black,mini,jbl,32x32",ui,Jbl Creature Ii Mini Black 32X32 icon
JBL_Creature_II_mini_black__48x48,jbl-creature-ii-mini-black-48x48,"48x48,creature,black,mini,jbl",ui,Jbl Creature Ii Mini Black 48X48 icon
JBL_Creature_II_mini_red__128x128,jbl-creature-ii-mini-red-128x128,"creature,mini,red,jbl,128x128",ui,Jbl Creature Ii Mini Red 128X128 icon
JBL_Creature_II_mini_red__16x16,jbl-creature-ii-mini-red-16x16,"creature,16x16,mini,red,jbl",ui,Jbl Creature Ii Mini Red 16X16 icon
JBL_Creature_II_mini_red__32x32,jbl-creature-ii-mini-red-32x32,"creature,mini,red,jbl,32x32",ui,Jbl Creature Ii Mini Red 32X32 icon
JBL_Creature_II_mini_red__48x48,jbl-creature-ii-mini-red-48x48,"48x48,creature,mini,red,jbl",ui,Jbl Creature Ii Mini Red 48X48 icon
JBL_Creature_II_mini_silver__128x128,jbl-creature-ii-mini-silver-128x128,"128x128,creature,mini,jbl,silver",ui,Jbl Creature Ii Mini Silver 128X128 icon
JBL_Creature_II_mini_silver__16x16,jbl-creature-ii-mini-silver-16x16,"creature,16x16,mini,jbl,silver",ui,Jbl Creature Ii Mini Silver 16X16 icon
JBL_Creature_II_mini_silver__32x32,jbl-creature-ii-mini-silver-32x32,"creature,mini,jbl,silver,32x32",ui,Jbl Creature Ii Mini Silver 32X32 icon
JBL_Creature_II_mini_silver__48x48,jbl-creature-ii-mini-silver-48x48,"48x48,creature,mini,jbl,silver",ui,Jbl Creature Ii Mini Silver 48X48 icon
JBL_Creature_II_mini_white__128x128,jbl-creature-ii-mini-white-128x128,"creature,white,mini,jbl,128x128",ui,Jbl Creature Ii Mini White 128X128 icon
JBL_Creature_II_mini_white__16x16,jbl-creature-ii-mini-white-16x16,"creature,16x16,white,mini,jbl",ui,Jbl Creature Ii Mini White 16X16 icon
JBL_Creature_II_mini_white__32x32,jbl-creature-ii-mini-white-32x32,"creature,white,mini,jbl,32x32",ui,Jbl Creature Ii Mini White 32X32 icon
JBL_Creature_II_mini_white__48x48,jbl-creature-ii-mini-white-48x48,"48x48,creature,white,mini,jbl",ui,Jbl Creature Ii Mini White 48X48 icon
JBL_Creature_II_red__128x128,jbl-creature-ii-red-128x128,"creature,red,jbl,128x128,ii",ui,Jbl Creature Ii Red 128X128 icon
JBL_Creature_II_red__16x16,jbl-creature-ii-red-16x16,"creature,16x16,red,jbl,ii",ui,Jbl Creature Ii Red 16X16 icon
JBL_Creature_II_red__32x32,jbl-creature-ii-red-32x32,"creature,red,jbl,32x32,ii",ui,Jbl Creature Ii Red 32X32 icon
JBL_Creature_II_red__48x48,jbl-creature-ii-red-48x48,"48x48,creature,red,jbl,ii",ui,Jbl Creature Ii Red 48X48 icon
JBL_Creature_II_silver__128x128,jbl-creature-ii-silver-128x128,"128x128,creature,jbl,silver,ii",ui,Jbl Creature Ii Silver 128X128 icon
JBL_Creature_II_silver__16x16,jbl-creature-ii-silver-16x16,"creature,16x16,jbl,silver,ii",ui,Jbl Creature Ii Silver 16X16 icon
JBL_Creature_II_silver__32x32,jbl-creature-ii-silver-32x32,"creature,jbl,silver,32x32,ii",ui,Jbl Creature Ii Silver 32X32 icon
JBL_Creature_II_silver__48x48,jbl-creature-ii-silver-48x48,"48x48,creature,jbl,silver,ii",ui,Jbl Creature Ii Silver 48X48 icon
JBL_Creature_II_white__128x128,jbl-creature-ii-white-128x128,"creature,white,jbl,128x128,ii",ui,Jbl Creature Ii White 128X128 icon
JBL_Creature_II_white__16x16,jbl-creature-ii-white-16x16,"creature,16x16,white,jbl,ii",ui,Jbl Creature Ii White 16X16 icon
JBL_Creature_II_white__32x32,jbl-creature-ii-white-32x32,"creature,white,jbl,32x32,ii",ui,Jbl Creature Ii White 32X32 icon
JBL_Creature_II_white__48x48,jbl-creature-ii-white-48x48,"48x48,creature,white,jbl,ii",ui,Jbl Creature Ii White 48X48 icon
joystick_16x16,joystick-16x16,"joystick,16x16",ui,Joystick 16X16 icon
joystick_32x32,joystick-32x32,"joystick,32x32",ui,Joystick 32X32 icon
Kaspersky_16x16,kaspersky-16x16,"kaspersky,16x16",ui,Kaspersky 16X16 icon
Kaspersky_32x32,kaspersky-32x32,"kaspersky,32x32",ui,Kaspersky 32X32 icon
key_24x24,key-24x24,"24x24,key",security,Key 24X24 icon
Key_32x32,key-32x32,"32x32,key",security,Key 32X32 icon
Key_keeper_16x16,key-keeper-16x16,"16x16,key,keeper",security,Key Keeper 16X16 icon
Key_keeper_32x32,key-keeper-32x32,"32x32,key,keeper",security,Key Keeper 32X32 icon
Key_keeper_48x48,key-keeper-48x48,"48x48,key,keeper",security,Key Keeper 48X48 icon
KMPlayer_16x16,kmplayer-16x16,"kmplayer,16x16",ui,Kmplayer 16X16 icon
KMPlayer_32x32,kmplayer-32x32,"kmplayer,32x32",ui,Kmplayer 32X32 icon
Knife_32x32,knife-32x32,"32x32,knife",ui,Knife 32X32 icon
LAB_color_model_32x32,lab-color-model-32x32,"model,color,lab,32x32",ui,Lab Color Model 32X32 icon
label_24x24,label-24x24,"24x24,label",ui,Label 24X24 icon
lamp_32x32,lamp-32x32,"lamp,32x32",ui,Lamp 32X32 icon
Last_16x16,last-16x16,"last,16x16",ui,Last 16X16 icon
last_24x24,last-24x24,"last,24x24",ui,Last 24X24 icon
Last_recor_16x16,last-recor-16x16,"last,16x16,recor",ui,Last Recor 16X16 icon
last_recor_24x24,last-recor-24x24,"last,24x24,recor",ui,Last Recor 24X24 icon
Layers_32x32,layers-32x32,"32x32,layers",ui,Layers 32X32 icon
left_24x24,left-24x24,"24x24,left",ui,Left 24X24 icon
Left_32x32,left-32x32,"left,32x32",ui,Left 32X32 icon
left-right_24x24,left-right-24x24,"24x24,right,left",ui,Left Right 24X24 icon
Left-right_32x32,left-right-32x32,"right,left,32x32",ui,Left Right 32X32 icon
Lego_brick_24x24,lego-brick-24x24,"brick,24x24,lego",ui,Lego Brick 24X24 icon
Letter_16x16,letter-16x16,"16x16,letter",ui,Letter 16X16 icon
letter_24x24,letter-24x24,"24x24,letter",ui,Letter 24X24 icon
Lightning_16x16,lightning-16x16,"16x16,lightning",ui,Lightning 16X16 icon
lightning_24x24,lightning-24x24,"24x24,lightning",ui,Lightning 24X24 icon
Line_32x32,line-32x32,"line,32x32",ui,Line 32X32 icon
Liner_16x16,liner-16x16,"16x16,liner",ui,Liner 16X16 icon
liner_24x24,liner-24x24,"24x24,liner",ui,Liner 24X24 icon
linkedin_32x32,linkedin-32x32,"linkedin,32x32",ui,Linkedin 32X32 icon
linkedin_48x48,linkedin-48x48,"48x48,linkedin",ui,Linkedin 48X48 icon
Linux_16x16,linux-16x16,"linux,16x16",ui,Linux 16X16 icon
linux_64x64,linux-64x64,"linux,64x64",ui,Linux 64X64 icon
list_24x24,list-24x24,"list,24x24",ui,List 24X24 icon
List_32x32,list-32x32,"list,32x32",ui,List 32X32 icon
Lists_16x16,lists-16x16,"lists,16x16",ui,Lists 16X16 icon
lists_24x24,lists-24x24,"lists,24x24",ui,Lists 24X24 icon
Livemessenger_16x16,livemessenger-16x16,"livemessenger,16x16",ui,Livemessenger 16X16 icon
Livemessenger_24x24,livemessenger-24x24,"livemessenger,24x24",ui,Livemessenger 24X24 icon
Livemessenger_256x256,livemessenger-256x256,"livemessenger,256x256",ui,Livemessenger 256X256 icon
Livemessenger_32x32,livemessenger-32x32,"livemessenger,32x32",ui,Livemessenger 32X32 icon
Livemessenger_48x48,livemessenger-48x48,"livemessenger,48x48",ui,Livemessenger 48X48 icon
Load_16x16,load-16x16,"load,16x16",ui,Load 16X16 icon
load_24x24,load-24x24,"load,24x24",ui,Load 24X24 icon
Local_security_policy_16x16,local-security-policy-16x16,"local,security,policy,16x16",security,Local Security Policy 16X16 icon
Local_security_policy_32x32,local-security-policy-32x32,"local,security,policy,32x32",security,Local Security Policy 32X32 icon
Local_security_policy_48x48,local-security-policy-48x48,"local,security,48x48,policy",security,Local Security Policy 48X48 icon
lock_32x32,lock-32x32,"lock,32x32",security,Lock 32X32 icon
Lock_32x32,lock-32x32,"lock,32x32",security,Lock 32X32 icon
Lock_color_32x32,lock-color-32x32,"lock,32x32,color",security,Lock Color 32X32 icon
Lock_transparency_32x32,lock-transparency-32x32,"lock,32x32,transparency",security,Lock Transparency 32X32 icon
login_24x24,login-24x24,"24x24,login",ui,Login 24X24 icon
log_out_24x24,log-out-24x24,"24x24,log,out",ui,Log Out 24X24 icon
Low_rating_16x16,low-rating-16x16,"low,rating,16x16",ui,Low Rating 16X16 icon
low_rating_24x24,low-rating-24x24,"24x24,low,rating",ui,Low Rating 24X24 icon
Mac_mini_1_128x128,mac-mini-1-128x128,"mini,mac,128x128,1",ui,Mac Mini 1 128X128 icon
Mac_mini_1_16x16,mac-mini-1-16x16,"mini,mac,1,16x16",ui,Mac Mini 1 16X16 icon
Mac_mini_1_32x32,mac-mini-1-32x32,"mini,mac,1,32x32",ui,Mac Mini 1 32X32 icon
Mac_mini_1_48x48,mac-mini-1-48x48,"mini,mac,48x48,1",ui,Mac Mini 1 48X48 icon
Mac_mini_2_128x128,mac-mini-2-128x128,"mini,mac,128x128,2",ui,Mac Mini 2 128X128 icon
Mac_mini_2_16x16,mac-mini-2-16x16,"mini,mac,2,16x16",ui,Mac Mini 2 16X16 icon
Mac_mini_2_32x32,mac-mini-2-32x32,"mini,mac,2,32x32",ui,Mac Mini 2 32X32 icon
Mac_mini_2_48x48,mac-mini-2-48x48,"mini,mac,48x48,2",ui,Mac Mini 2 48X48 icon
Magic_hat_32x32,magic-hat-32x32,"magic,32x32,hat",ui,Magic Hat 32X32 icon
Magic_wand_16x16,magic-wand-16x16,"16x16,magic,wand",ui,Magic Wand 16X16 icon
magic_wand_24x24,magic-wand-24x24,"magic,24x24,wand",ui,Magic Wand 24X24 icon
Mail_16x16,mail-16x16,"16x16,mail",ui,Mail 16X16 icon
mail_24x24,mail-24x24,"24x24,mail",ui,Mail 24X24 icon
Male_16x16,male-16x16,"male,16x16",ui,Male 16X16 icon
male_24x24,male-24x24,"male,24x24",ui,Male 24X24 icon
Male_symbol_16x16,male-symbol-16x16,"male,symbol,16x16",ui,Male Symbol 16X16 icon
male_symbol_24x24,male-symbol-24x24,"male,symbol,24x24",ui,Male Symbol 24X24 icon
map_16x16,map-16x16,"map,16x16",ui,Map 16X16 icon
map_32x32,map-32x32,"map,32x32",ui,Map 32X32 icon
map_48x48,map-48x48,"map,48x48",ui,Map 48X48 icon
Maxtor_Diagonal_128x128,maxtor-diagonal-128x128,"128x128,maxtor,diagonal",ui,Maxtor Diagonal 128X128 icon
Maxtor_Diagonal_16x16,maxtor-diagonal-16x16,"16x16,maxtor,diagonal",ui,Maxtor Diagonal 16X16 icon
Maxtor_Diagonal_32x32,maxtor-diagonal-32x32,"maxtor,diagonal,32x32",ui,Maxtor Diagonal 32X32 icon
Maxtor_Diagonal_48x48,maxtor-diagonal-48x48,"48x48,maxtor,diagonal",ui,Maxtor Diagonal 48X48 icon
Maxtor_horizontal_128x128,maxtor-horizontal-128x128,"128x128,maxtor,horizontal",ui,Maxtor Horizontal 128X128 icon
Maxtor_horizontal_16x16,maxtor-horizontal-16x16,"16x16,maxtor,horizontal",ui,Maxtor Horizontal 16X16 icon
Maxtor_horizontal_32x32,maxtor-horizontal-32x32,"maxtor,horizontal,32x32",ui,Maxtor Horizontal 32X32 icon
Maxtor_horizontal_48x48,maxtor-horizontal-48x48,"48x48,maxtor,horizontal",ui,Maxtor Horizontal 48X48 icon
Maxtor_vertical_128x128,maxtor-vertical-128x128,"vertical,maxtor,128x128",ui,Maxtor Vertical 128X128 icon
Maxtor_vertical_16x16,maxtor-vertical-16x16,"vertical,maxtor,16x16",ui,Maxtor Vertical 16X16 icon
Maxtor_vertical_32x32,maxtor-vertical-32x32,"vertical,maxtor,32x32",ui,Maxtor Vertical 32X32 icon
Maxtor_vertical_48x48,maxtor-vertical-48x48,"vertical,maxtor,48x48",ui,Maxtor Vertical 48X48 icon
Measure_32x32,measure-32x32,"measure,32x32",ui,Measure 32X32 icon
Medium_rating_16x16,medium-rating-16x16,"rating,medium,16x16",ui,Medium Rating 16X16 icon
medium_rating_24x24,medium-rating-24x24,"rating,24x24,medium",ui,Medium Rating 24X24 icon
Medium_speed_48x48,medium-speed-48x48,"48x48,medium,speed",ui,Medium Speed 48X48 icon
Message_16x16,message-16x16,"16x16,message",ui,Message 16X16 icon
message_24x24,message-24x24,"24x24,message",ui,Message 24X24 icon
Microsoft_16x16,microsoft-16x16,"16x16,microsoft",ui,Microsoft 16X16 icon
microsoft_24x24,microsoft-24x24,"24x24,microsoft",ui,Microsoft 24X24 icon
Microsoft_flag_32x32,microsoft-flag-32x32,"flag,microsoft,32x32",ui,Microsoft Flag 32X32 icon
Miranda_16x16,miranda-16x16,"miranda,16x16",ui,Miranda 16X16 icon
Miranda_24x24,miranda-24x24,"miranda,24x24",ui,Miranda 24X24 icon
Miranda_256x256,miranda-256x256,"256x256,miranda",ui,Miranda 256X256 icon
Miranda_32x32,miranda-32x32,"miranda,32x32",ui,Miranda 32X32 icon
Miranda_48x48,miranda-48x48,"miranda,48x48",ui,Miranda 48X48 icon
Mobile-phone_16x16,mobile-phone-16x16,"phone,16x16,mobile",ui,Mobile Phone 16X16 icon
mobile-phone_24x24,mobile-phone-24x24,"phone,24x24,mobile",ui,Mobile Phone 24X24 icon
mobile_phone_24x24,mobile-phone-24x24,"phone,24x24,mobile",ui,Mobile Phone 24X24 icon
Modify_16x16,modify-16x16,"modify,16x16",ui,Modify 16X16 icon
modify_24x24,modify-24x24,"modify,24x24",ui,Modify 24X24 icon
Modify_time_48x48,modify-time-48x48,"time,modify,48x48",ui,Modify Time 48X48 icon
money_24x24,money-24x24,"24x24,money",ui,Money 24X24 icon
monitor_24x24,monitor-24x24,"24x24,monitor",ui,Monitor 24X24 icon
Monitor_32x32,monitor-32x32,"monitor,32x32",ui,Monitor 32X32 icon
Monitors_32x32,monitors-32x32,"monitors,32x32",ui,Monitors 32X32 icon
Monochrome_32x32,monochrome-32x32,"32x32,monochrome",ui,Monochrome 32X32 icon
Moon_48x48,moon-48x48,"moon,48x48",ui,Moon 48X48 icon
mous_32x32,mous-32x32,"mous,32x32",ui,Mous 32X32 icon
mouse_24x24,mouse-24x24,"24x24,mouse",ui,Mouse 24X24 icon
Mouse_32x32,mouse-32x32,"mouse,32x32",ui,Mouse 32X32 icon
Mouse_pointer_32x32,mouse-pointer-32x32,"pointer,mouse,32x32",ui,Mouse Pointer 32X32 icon
move_24x24,move-24x24,"move,24x24",ui,Move 24X24 icon
Move_32x32,move-32x32,"move,32x32",ui,Move 32X32 icon
movie_32x32,movie-32x32,"32x32,movie",ui,Movie 32X32 icon
Movie_32x32,movie-32x32,"32x32,movie",ui,Movie 32X32 icon
Mumble_16x16,mumble-16x16,"mumble,16x16",ui,Mumble 16X16 icon
Mumble_32x32,mumble-32x32,"mumble,32x32",ui,Mumble 32X32 icon
Museum_128x128,museum-128x128,"128x128,museum",ui,Museum 128X128 icon
Museum_16x16,museum-16x16,"16x16,museum",ui,Museum 16X16 icon
Museum_24x24,museum-24x24,"24x24,museum",ui,Museum 24X24 icon
Museum_256x256,museum-256x256,"256x256,museum",ui,Museum 256X256 icon
Museum_32x32,museum-32x32,"museum,32x32",ui,Museum 32X32 icon
Museum_48x48,museum-48x48,"48x48,museum",ui,Museum 48X48 icon
Museum_64x64,museum-64x64,"64x64,museum",ui,Museum 64X64 icon
Museum_72x72,museum-72x72,"museum,72x72",ui,Museum 72X72 icon
Museum_80x80,museum-80x80,"80x80,museum",ui,Museum 80X80 icon
Museum_96x96,museum-96x96,"96x96,museum",ui,Museum 96X96 icon
music-1_32x32,music-1-32x32,"music,1,32x32",ui,Music 1 32X32 icon
Music_16x16,music-16x16,"music,16x16",ui,Music 16X16 icon
music-2_32x32,music-2-32x32,"music,2,32x32",ui,Music 2 32X32 icon
music_24x24,music-24x24,"music,24x24",ui,Music 24X24 icon
music-3_32x32,music-3-32x32,"music,32x32,3",ui,Music 3 32X32 icon
Mute_16x16,mute-16x16,"16x16,mute",ui,Mute 16X16 icon
mute_24x24,mute-24x24,"24x24,mute",ui,Mute 24X24 icon
Navigator_16x16,navigator-16x16,"navigator,16x16",ui,Navigator 16X16 icon
Navigator_32x32,navigator-32x32,"navigator,32x32",ui,Navigator 32X32 icon
Navigator_48x48,navigator-48x48,"navigator,48x48",ui,Navigator 48X48 icon
Network_connection_16x16,network-connection-16x16,"network,connection,16x16",network,Network Connection 16X16 icon
network_connection_24x24,network-connection-24x24,"network,24x24,connection",network,Network Connection 24X24 icon
Network_time_48x48,network-time-48x48,"time,network,48x48",network,Network Time 48X48 icon
new_24x24,new-24x24,"24x24,new",ui,New 24X24 icon
New_48x48,new-48x48,"48x48,new",ui,New 48X48 icon
New_clip_art_32x32,new-clip-art-32x32,"art,new,32x32,clip",ui,New Clip Art 32X32 icon
New_document_16x16,new-document-16x16,"new,16x16,document",files,New Document 16X16 icon
new_document_24x24,new-document-24x24,"24x24,new,document",files,New Document 24X24 icon
New_file_32x32,new-file-32x32,"file,new,32x32",files,New File 32X32 icon
New_frame1_32x32,new-frame1-32x32,"new,32x32,frame1",ui,New Frame1 32X32 icon
New_frame_32x32,new-frame-32x32,"frame,new,32x32",ui,New Frame 32X32 icon
New_image_32x32,new-image-32x32,"new,image,32x32",ui,New Image 32X32 icon
New_imagelist_32x32,new-imagelist-32x32,"imagelist,new,32x32",ui,New Imagelist 32X32 icon
New-Room_128x128,new-room-128x128,"128x128,new,room",ui,New Room 128X128 icon
New-Room_16x16,new-room-16x16,"16x16,new,room",ui,New Room 16X16 icon
New-Room_24x24,new-room-24x24,"24x24,new,room",ui,New Room 24X24 icon
New-Room_256x256,new-room-256x256,"256x256,new,room",ui,New Room 256X256 icon
New-Room_32x32,new-room-32x32,"new,room,32x32",ui,New Room 32X32 icon
New-Room_48x48,new-room-48x48,"48x48,new,room",ui,New Room 48X48 icon
New-Room_64x64,new-room-64x64,"64x64,new,room",ui,New Room 64X64 icon
New-Room_72x72,new-room-72x72,"new,room,72x72",ui,New Room 72X72 icon
New-Room_80x80,new-room-80x80,"new,80x80,room",ui,New Room 80X80 icon
New-Room_96x96,new-room-96x96,"96x96,new,room",ui,New Room 96X96 icon
New_video_32x32,new-video-32x32,"video,new,32x32",ui,New Video 32X32 icon
Next_16x16,next-16x16,"next,16x16",ui,Next 16X16 icon
next_24x24,next-24x24,"next,24x24",ui,Next 24X24 icon
Next_event_48x48,next-event-48x48,"next,event,48x48",ui,Next Event 48X48 icon
Next_track_16x16,next-track-16x16,"next,16x16,track",ui,Next Track 16X16 icon
next_track_24x24,next-track-24x24,"next,24x24,track",ui,Next Track 24X24 icon
no_24x24,no-24x24,"24x24,no",ui,No 24X24 icon
No_32x32,no-32x32,"32x32,no",ui,No 32X32 icon
No-entry_16x16,no-entry-16x16,"16x16,entry,no",ui,No Entry 16X16 icon
no-entry_24x24,no-entry-24x24,"24x24,entry,no",ui,No Entry 24X24 icon
Note_16x16,note-16x16,"16x16,note",ui,Note 16X16 icon
note-2_32x32,note-2-32x32,"2,note,32x32",ui,Note 2 32X32 icon
note_32x32,note-32x32,"note,32x32",ui,Note 32X32 icon
Note_32x32,note-32x32,"note,32x32",ui,Note 32X32 icon
Notes_16x16,notes-16x16,"notes,16x16",ui,Notes 16X16 icon
notes_24x24,notes-24x24,"24x24,notes",ui,Notes 24X24 icon
numbered_list_24x24,numbered-list-24x24,"list,24x24,numbered",ui,Numbered List 24X24 icon
Objects_32x32,objects-32x32,"objects,32x32",ui,Objects 32X32 icon
office_10x10,office-10x10,"office,10x10",ui,Office 10X10 icon
office_16x16,office-16x16,"16x16,office",ui,Office 16X16 icon
office_24x24,office-24x24,"24x24,office",ui,Office 24X24 icon
office_32x32,office-32x32,"32x32,office",ui,Office 32X32 icon
office_48x48,office-48x48,"48x48,office",ui,Office 48X48 icon
OK_24x24,ok-24x24,"24x24,ok",ui,Ok 24X24 icon
Ok_32x32,ok-32x32,"32x32,ok",ui,Ok 32X32 icon
OK_smile_16x16,ok-smile-16x16,"smile,16x16,ok",emoji,Ok Smile 16X16 icon
OK_smile_32x32,ok-smile-32x32,"smile,32x32,ok",emoji,Ok Smile 32X32 icon
OK_smile_48x48,ok-smile-48x48,"smile,48x48,ok",emoji,Ok Smile 48X48 icon
Online_16x16,online-16x16,"16x16,online",ui,Online 16X16 icon
online_24x24,online-24x24,"24x24,online",ui,Online 24X24 icon
Online_32x32,online-32x32,"online,32x32",ui,Online 32X32 icon
Online_48x48,online-48x48,"48x48,online",ui,Online 48X48 icon
Open_32x32,open-32x32,"open,32x32",ui,Open 32X32 icon
open_book_24x24,open-book-24x24,"open,24x24,book",files,Open Book 24X24 icon
Open_colors_32x32,open-colors-32x32,"open,32x32,colors",ui,Open Colors 32X32 icon
open_door_24x24,open-door-24x24,"open,door,24x24",ui,Open Door 24X24 icon
Open_file_16x16,open-file-16x16,"open,file,16x16",files,Open File 16X16 icon
open_file_24x24,open-file-24x24,"open,file,24x24",files,Open File 24X24 icon
Open_file_32x32,open-file-32x32,"open,file,32x32",files,Open File 32X32 icon
Open_file_48x48,open-file-48x48,"open,file,48x48",files,Open File 48X48 icon
open_folder_24x24,open-folder-24x24,"open,24x24,folder",files,Open Folder 24X24 icon
open_letter_24x24,open-letter-24x24,"open,24x24,letter",ui,Open Letter 24X24 icon
open_lock_24x24,open-lock-24x24,"open,lock,24x24",security,Open Lock 24X24 icon
Open_v2_32x32,open-v2-32x32,"open,v2,32x32",ui,Open V2 32X32 icon
opera_16x16,opera-16x16,"opera,16x16",ui,Opera 16X16 icon
opera_32x32,opera-32x32,"opera,32x32",ui,Opera 32X32 icon
Options_16x16,options-16x16,"16x16,options",ui,Options 16X16 icon
Options_32x32,options-32x32,"32x32,options",ui,Options 32X32 icon
Options_48x48,options-48x48,"48x48,options",ui,Options 48X48 icon
owl_16x16,owl-16x16,"16x16,owl",ui,Owl 16X16 icon
owl_32x32,owl-32x32,"32x32,owl",ui,Owl 32X32 icon
owl_48x48,owl-48x48,"48x48,owl",ui,Owl 48X48 icon
pack-1_32x32,pack-1-32x32,"1,32x32,pack",ui,Pack 1 32X32 icon
pack-2_32x32,pack-2-32x32,"2,32x32,pack",ui,Pack 2 32X32 icon
Painter_32x32,painter-32x32,"painter,32x32",ui,Painter 32X32 icon
Paint_over_pixels_32x32,paint-over-pixels-32x32,"over,32x32,paint,pixels",ui,Paint Over Pixels 32X32 icon
Pantone_32x32,pantone-32x32,"pantone,32x32",ui,Pantone 32X32 icon
Paste_16x16,paste-16x16,"paste,16x16",ui,Paste 16X16 icon
paste_24x24,paste-24x24,"paste,24x24",ui,Paste 24X24 icon
Paste_32x32,paste-32x32,"paste,32x32",ui,Paste 32X32 icon
Paste_48x48,paste-48x48,"paste,48x48",ui,Paste 48X48 icon
Pause_16x16,pause-16x16,"16x16,pause",ui,Pause 16X16 icon
pause_24x24,pause-24x24,"24x24,pause",ui,Pause 24X24 icon
payment_24x24,payment-24x24,"24x24,payment",ui,Payment 24X24 icon
pdf_32x32,pdf-32x32,"32x32,pdf",files,Pdf 32X32 icon
peace_24x24,peace-24x24,"24x24,peace",ui,Peace 24X24 icon
pen_32x32,pen-32x32,"pen,32x32",ui,Pen 32X32 icon
Pen_32x32,pen-32x32,"pen,32x32",ui,Pen 32X32 icon
Pencil_16x16,pencil-16x16,"16x16,pencil",ui,Pencil 16X16 icon
pencil-2_32x32,pencil-2-32x32,"32x32,2,pencil",ui,Pencil 2 32X32 icon
Pencil_32x32,pencil-32x32,"32x32,pencil",ui,Pencil 32X32 icon
Pencil_48x48,pencil-48x48,"48x48,pencil",ui,Pencil 48X48 icon
pensieve_16x16,pensieve-16x16,"pensieve,16x16",ui,Pensieve 16X16 icon
pensieve_32x32,pensieve-32x32,"pensieve,32x32",ui,Pensieve 32X32 icon
pensieve_48x48,pensieve-48x48,"pensieve,48x48",ui,Pensieve 48X48 icon
People_16x16,people-16x16,"people,16x16",ui,People 16X16 icon
people_24x24,people-24x24,"24x24,people",ui,People 24X24 icon
Percent_16x16,percent-16x16,"percent,16x16",ui,Percent 16X16 icon
percent_24x24,percent-24x24,"24x24,percent",ui,Percent 24X24 icon
Period_end_48x48,period-end-48x48,"period,48x48,end",ui,Period End 48X48 icon
Person_16x16,person-16x16,"person,16x16",ui,Person 16X16 icon
person_24x24,person-24x24,"person,24x24",ui,Person 24X24 icon
Personal_Digital_Assistant_16x16,personal-digital-assistant-16x16,"16x16,personal,digital,assistant",development,Personal Digital Assistant 16X16 icon
Personal_Digital_Assistant_32x32,personal-digital-assistant-32x32,"personal,digital,32x32,assistant",development,Personal Digital Assistant 32X32 icon
pets_24x24,pets-24x24,"24x24,pets",ui,Pets 24X24 icon
Phone_16x16,phone-16x16,"phone,16x16",ui,Phone 16X16 icon
phone_24x24,phone-24x24,"phone,24x24",ui,Phone 24X24 icon
Phone_number_16x16,phone-number-16x16,"phone,number,16x16",ui,Phone Number 16X16 icon
phone_number_24x24,phone-number-24x24,"24x24,phone,number",ui,Phone Number 24X24 icon
photo_32x32,photo-32x32,"photo,32x32",ui,Photo 32X32 icon
Pick_color_32x32,pick-color-32x32,"color,32x32,pick",ui,Pick Color 32X32 icon
picture_24x24,picture-24x24,"picture,24x24",ui,Picture 24X24 icon
Picture_32x32,picture-32x32,"picture,32x32",ui,Picture 32X32 icon
pie_chart_24x24,pie-chart-24x24,"pie,24x24,chart",ui,Pie Chart 24X24 icon
Pie_chart_32x32,pie-chart-32x32,"pie,32x32,chart",ui,Pie Chart 32X32 icon
piggy_24x24,piggy-24x24,"piggy,24x24",ui,Piggy 24X24 icon
piggy_bank_24x24,piggy-bank-24x24,"piggy,24x24,bank",ui,Piggy Bank 24X24 icon
Pill_16x16,pill-16x16,"pill,16x16",ui,Pill 16X16 icon
Pill_32x32,pill-32x32,"pill,32x32",ui,Pill 32X32 icon
Pill_48x48,pill-48x48,"48x48,pill",ui,Pill 48X48 icon
Pin_32x32,pin-32x32,"pin,32x32",ui,Pin 32X32 icon
pinion_24x24,pinion-24x24,"24x24,pinion",ui,Pinion 24X24 icon
Pinion_32x32,pinion-32x32,"pinion,32x32",ui,Pinion 32X32 icon
pinterest_32x32,pinterest-32x32,"32x32,pinterest",ui,Pinterest 32X32 icon
pinterest_48x48,pinterest-48x48,"48x48,pinterest",ui,Pinterest 48X48 icon
Pirate_16x16,pirate-16x16,"pirate,16x16",ui,Pirate 16X16 icon
Pirate_32x32,pirate-32x32,"pirate,32x32",ui,Pirate 32X32 icon
Pirate_48x48,pirate-48x48,"pirate,48x48",ui,Pirate 48X48 icon
Pixel_editor_32x32,pixel-editor-32x32,"editor,pixel,32x32",ui,Pixel Editor 32X32 icon
Pixels_32x32,pixels-32x32,"32x32,pixels",ui,Pixels 32X32 icon
play_24x24,play-24x24,"24x24,play",ui,Play 24X24 icon
Play_48x48,play-48x48,"48x48,play",ui,Play 48X48 icon
Playback_16x16,playback-16x16,"16x16,playback",ui,Playback 16X16 icon
playback_24x24,playback-24x24,"24x24,playback",ui,Playback 24X24 icon
Play-music_16x16,play-music-16x16,"music,16x16,play",ui,Play Music 16X16 icon
play-music_24x24,play-music-24x24,"music,24x24,play",ui,Play Music 24X24 icon
pointer_24x24,pointer-24x24,"24x24,pointer",ui,Pointer 24X24 icon
poo_32x32,poo-32x32,"32x32,poo",ui,Poo 32X32 icon
pound_24x24,pound-24x24,"pound,24x24",ui,Pound 24X24 icon
PowerBook_G4_128x128,powerbook-g4-128x128,"g4,128x128,powerbook",files,Powerbook G4 128X128 icon
PowerBook_G4_16x16,powerbook-g4-16x16,"g4,16x16,powerbook",files,Powerbook G4 16X16 icon
PowerBook_G4_32x32,powerbook-g4-32x32,"g4,32x32,powerbook",files,Powerbook G4 32X32 icon
PowerBook_G4_48x48,powerbook-g4-48x48,"g4,48x48,powerbook",files,Powerbook G4 48X48 icon
PowerBook_G4_blue__128x128,powerbook-g4-blue-128x128,"g4,blue,128x128,powerbook",files,Powerbook G4 Blue 128X128 icon
PowerBook_G4_blue__16x16,powerbook-g4-blue-16x16,"g4,blue,16x16,powerbook",files,Powerbook G4 Blue 16X16 icon
PowerBook_G4_blue__32x32,powerbook-g4-blue-32x32,"g4,blue,32x32,powerbook",files,Powerbook G4 Blue 32X32 icon
PowerBook_G4_blue__48x48,powerbook-g4-blue-48x48,"g4,48x48,blue,powerbook",files,Powerbook G4 Blue 48X48 icon
PowerBook_G4_graphite__128x128,powerbook-g4-graphite-128x128,"g4,graphite,128x128,powerbook",files,Powerbook G4 Graphite 128X128 icon
PowerBook_G4_graphite__16x16,powerbook-g4-graphite-16x16,"g4,graphite,16x16,powerbook",files,Powerbook G4 Graphite 16X16 icon
PowerBook_G4_graphite__32x32,powerbook-g4-graphite-32x32,"g4,graphite,32x32,powerbook",files,Powerbook G4 Graphite 32X32 icon
PowerBook_G4_graphite__48x48,powerbook-g4-graphite-48x48,"g4,48x48,graphite,powerbook",files,Powerbook G4 Graphite 48X48 icon
Power_Mac_G4_back_FW_800__128x128,power-mac-g4-back-fw-800-128x128,"g4,800,back,fw,mac",ui,Power Mac G4 Back Fw 800 128X128 icon
Power_Mac_G4_back_FW_800__16x16,power-mac-g4-back-fw-800-16x16,"g4,800,back,fw,16x16",ui,Power Mac G4 Back Fw 800 16X16 icon
Power_Mac_G4_back_FW_800__32x32,power-mac-g4-back-fw-800-32x32,"g4,800,back,fw,mac",ui,Power Mac G4 Back Fw 800 32X32 icon
Power_Mac_G4_back_FW_800__48x48,power-mac-g4-back-fw-800-48x48,"g4,800,back,fw,48x48",ui,Power Mac G4 Back Fw 800 48X48 icon
Power_Mac_G4_back_quicksilver__128x128,power-mac-g4-back-quicksilver-128x128,"g4,back,power,mac,quicksilver",ui,Power Mac G4 Back Quicksilver 128X128 icon
Power_Mac_G4_back_quicksilver__16x16,power-mac-g4-back-quicksilver-16x16,"g4,back,power,16x16,mac",ui,Power Mac G4 Back Quicksilver 16X16 icon
Power_Mac_G4_back_quicksilver__32x32,power-mac-g4-back-quicksilver-32x32,"g4,back,power,mac,quicksilver",ui,Power Mac G4 Back Quicksilver 32X32 icon
Power_Mac_G4_back_quicksilver__48x48,power-mac-g4-back-quicksilver-48x48,"g4,back,48x48,power,mac",ui,Power Mac G4 Back Quicksilver 48X48 icon
Power_Mac_G4_FW_800__128x128,power-mac-g4-fw-800-128x128,"g4,800,fw,mac,power",ui,Power Mac G4 Fw 800 128X128 icon
Power_Mac_G4_FW_800__16x16,power-mac-g4-fw-800-16x16,"g4,800,fw,16x16,mac",ui,Power Mac G4 Fw 800 16X16 icon
Power_Mac_G4_FW_800__32x32,power-mac-g4-fw-800-32x32,"g4,800,fw,mac,power",ui,Power Mac G4 Fw 800 32X32 icon
Power_Mac_G4_FW_800__48x48,power-mac-g4-fw-800-48x48,"g4,800,48x48,fw,mac",ui,Power Mac G4 Fw 800 48X48 icon
Power_Mac_G4_FW_800_open__128x128,power-mac-g4-fw-800-open-128x128,"g4,800,fw,open,mac",ui,Power Mac G4 Fw 800 Open 128X128 icon
Power_Mac_G4_FW_800_open__16x16,power-mac-g4-fw-800-open-16x16,"g4,800,fw,open,16x16",ui,Power Mac G4 Fw 800 Open 16X16 icon
Power_Mac_G4_FW_800_open__32x32,power-mac-g4-fw-800-open-32x32,"g4,800,fw,open,mac",ui,Power Mac G4 Fw 800 Open 32X32 icon
Power_Mac_G4_FW_800_open__48x48,power-mac-g4-fw-800-open-48x48,"g4,800,48x48,fw,open",ui,Power Mac G4 Fw 800 Open 48X48 icon
Power_Mac_G4_quicksilver__128x128,power-mac-g4-quicksilver-128x128,"g4,power,mac,quicksilver,128x128",ui,Power Mac G4 Quicksilver 128X128 icon
Power_Mac_G4_quicksilver__16x16,power-mac-g4-quicksilver-16x16,"g4,power,16x16,mac,quicksilver",ui,Power Mac G4 Quicksilver 16X16 icon
Power_Mac_G4_quicksilver__32x32,power-mac-g4-quicksilver-32x32,"g4,power,mac,quicksilver,32x32",ui,Power Mac G4 Quicksilver 32X32 icon
Power_Mac_G4_quicksilver__48x48,power-mac-g4-quicksilver-48x48,"g4,48x48,power,mac,quicksilver",ui,Power Mac G4 Quicksilver 48X48 icon
Power_Mac_G4_quicksilver_open__128x128,power-mac-g4-quicksilver-open-128x128,"g4,open,power,mac,quicksilver",ui,Power Mac G4 Quicksilver Open 128X128 icon
Power_Mac_G4_quicksilver_open__16x16,power-mac-g4-quicksilver-open-16x16,"g4,open,power,16x16,mac",ui,Power Mac G4 Quicksilver Open 16X16 icon
Power_Mac_G4_quicksilver_open__32x32,power-mac-g4-quicksilver-open-32x32,"g4,open,power,mac,quicksilver",ui,Power Mac G4 Quicksilver Open 32X32 icon
Power_Mac_G4_quicksilver_open__48x48,power-mac-g4-quicksilver-open-48x48,"g4,48x48,open,power,mac",ui,Power Mac G4 Quicksilver Open 48X48 icon
Power_Mac_G4_side__128x128,power-mac-g4-side-128x128,"g4,side,mac,power,128x128",ui,Power Mac G4 Side 128X128 icon
Power_Mac_G4_side__16x16,power-mac-g4-side-16x16,"g4,side,16x16,mac,power",ui,Power Mac G4 Side 16X16 icon
Power_Mac_G4_side__32x32,power-mac-g4-side-32x32,"g4,side,mac,power,32x32",ui,Power Mac G4 Side 32X32 icon
Power_Mac_G4_side__48x48,power-mac-g4-side-48x48,"g4,48x48,side,mac,power",ui,Power Mac G4 Side 48X48 icon
PowerMac_G5_1_128x128,powermac-g5-1-128x128,"powermac,128x128,g5,1",ui,Powermac G5 1 128X128 icon
PowerMac_G5_1_16x16,powermac-g5-1-16x16,"16x16,powermac,g5,1",ui,Powermac G5 1 16X16 icon
PowerMac_G5_1_32x32,powermac-g5-1-32x32,"powermac,g5,1,32x32",ui,Powermac G5 1 32X32 icon
PowerMac_G5_1_48x48,powermac-g5-1-48x48,"powermac,48x48,g5,1",ui,Powermac G5 1 48X48 icon
PowerMac_G5_2_128x128,powermac-g5-2-128x128,"powermac,128x128,g5,2",ui,Powermac G5 2 128X128 icon
PowerMac_G5_2_16x16,powermac-g5-2-16x16,"16x16,powermac,g5,2",ui,Powermac G5 2 16X16 icon
PowerMac_G5_2_32x32,powermac-g5-2-32x32,"powermac,g5,2,32x32",ui,Powermac G5 2 32X32 icon
PowerMac_G5_2_48x48,powermac-g5-2-48x48,"powermac,48x48,g5,2",ui,Powermac G5 2 48X48 icon
PowerMac_G5_3_128x128,powermac-g5-3-128x128,"powermac,128x128,g5,3",ui,Powermac G5 3 128X128 icon
PowerMac_G5_3_16x16,powermac-g5-3-16x16,"powermac,g5,16x16,3",ui,Powermac G5 3 16X16 icon
PowerMac_G5_3_32x32,powermac-g5-3-32x32,"powermac,g5,32x32,3",ui,Powermac G5 3 32X32 icon
PowerMac_G5_3_48x48,powermac-g5-3-48x48,"powermac,48x48,g5,3",ui,Powermac G5 3 48X48 icon
Power_Mac_G5_back__128x128,power-mac-g5-back-128x128,"g5,back,mac,power,128x128",ui,Power Mac G5 Back 128X128 icon
Power_Mac_G5_back__16x16,power-mac-g5-back-16x16,"g5,back,16x16,mac,power",ui,Power Mac G5 Back 16X16 icon
Power_Mac_G5_back__32x32,power-mac-g5-back-32x32,"g5,back,mac,power,32x32",ui,Power Mac G5 Back 32X32 icon
Power_Mac_G5_back__48x48,power-mac-g5-back-48x48,"g5,back,48x48,mac,power",ui,Power Mac G5 Back 48X48 icon
Power_Mac_G5_front_128_128x128,power-mac-g5-front-128-128x128,"g5,128,mac,power,front",ui,Power Mac G5 Front 128 128X128 icon
Power_Mac_G5_front_128_16x16,power-mac-g5-front-128-16x16,"g5,16x16,128,mac,power",ui,Power Mac G5 Front 128 16X16 icon
Power_Mac_G5_front_128_32x32,power-mac-g5-front-128-32x32,"g5,128,mac,power,front",ui,Power Mac G5 Front 128 32X32 icon
Power_Mac_G5_front_128_48x48,power-mac-g5-front-128-48x48,"g5,48x48,128,mac,power",ui,Power Mac G5 Front 128 48X48 icon
PowerShot_S1_IS_128x128,powershot-s1-is-128x128,"is,128x128,s1,powershot",ui,Powershot S1 Is 128X128 icon
PowerShot_S1_IS_16x16,powershot-s1-is-16x16,"is,s1,powershot,16x16",ui,Powershot S1 Is 16X16 icon
PowerShot_S1_IS_32x32,powershot-s1-is-32x32,"is,s1,powershot,32x32",ui,Powershot S1 Is 32X32 icon
PowerShot_S1_IS_48x48,powershot-s1-is-48x48,"is,48x48,s1,powershot",ui,Powershot S1 Is 48X48 icon
PowerShot_S80_128x128,powershot-s80-128x128,"128x128,powershot,s80",ui,Powershot S80 128X128 icon
PowerShot_S80_16x16,powershot-s80-16x16,"16x16,powershot,s80",ui,Powershot S80 16X16 icon
PowerShot_S80_32x32,powershot-s80-32x32,"powershot,32x32,s80",ui,Powershot S80 32X32 icon
PowerShot_S80_48x48,powershot-s80-48x48,"48x48,powershot,s80",ui,Powershot S80 48X48 icon
PowerShot_SD450_128x128,powershot-sd450-128x128,"128x128,sd450,powershot",ui,Powershot Sd450 128X128 icon
PowerShot_SD450_16x16,powershot-sd450-16x16,"16x16,sd450,powershot",ui,Powershot Sd450 16X16 icon
PowerShot_SD450_32x32,powershot-sd450-32x32,"sd450,powershot,32x32",ui,Powershot Sd450 32X32 icon
PowerShot_SD450_48x48,powershot-sd450-48x48,"48x48,sd450,powershot",ui,Powershot Sd450 48X48 icon
Present_16x16,present-16x16,"16x16,present",ui,Present 16X16 icon
Present_32x32,present-32x32,"present,32x32",ui,Present 32X32 icon
Present_48x48,present-48x48,"48x48,present",ui,Present 48X48 icon
Preview_32x32,preview-32x32,"preview,32x32",ui,Preview 32X32 icon
Previous_16x16,previous-16x16,"16x16,previous",ui,Previous 16X16 icon
previous_24x24,previous-24x24,"24x24,previous",ui,Previous 24X24 icon
Previous_event_48x48,previous-event-48x48,"event,48x48,previous",ui,Previous Event 48X48 icon
Previous_record_16x16,previous-record-16x16,"record,16x16,previous",ui,Previous Record 16X16 icon
previous_record_24x24,previous-record-24x24,"record,24x24,previous",ui,Previous Record 24X24 icon
Price_list_16x16,price-list-16x16,"list,16x16,price",ui,Price List 16X16 icon
price_list_24x24,price-list-24x24,"list,24x24,price",ui,Price List 24X24 icon
Price_list_32x32,price-list-32x32,"list,32x32,price",ui,Price List 32X32 icon
Price_list_48x48,price-list-48x48,"list,48x48,price",ui,Price List 48X48 icon
print_32x32,print-32x32,"print,32x32",ui,Print 32X32 icon
Print_32x32,print-32x32,"print,32x32",ui,Print 32X32 icon
Printer_16x16,printer-16x16,"16x16,printer",ui,Printer 16X16 icon
printer_24x24,printer-24x24,"24x24,printer",ui,Printer 24X24 icon
Print-preview_16x16,print-preview-16x16,"preview,print,16x16",ui,Print Preview 16X16 icon
print_preview_24x24,print-preview-24x24,"preview,24x24,print",ui,Print Preview 24X24 icon
problem_24x24,problem-24x24,"problem,24x24",ui,Problem 24X24 icon
Problem_32x32,problem-32x32,"problem,32x32",ui,Problem 32X32 icon
properties_24x24,properties-24x24,"24x24,properties",ui,Properties 24X24 icon
Properties_32x32,properties-32x32,"properties,32x32",ui,Properties 32X32 icon
Property_128x128,property-128x128,"property,128x128",ui,Property 128X128 icon
Property_16x16,property-16x16,"property,16x16",ui,Property 16X16 icon
Property_24x24,property-24x24,"24x24,property",ui,Property 24X24 icon
Property_256x256,property-256x256,"256x256,property",ui,Property 256X256 icon
Property_32x32,property-32x32,"property,32x32",ui,Property 32X32 icon
Property_48x48,property-48x48,"48x48,property",ui,Property 48X48 icon
Property_64x64,property-64x64,"64x64,property",ui,Property 64X64 icon
Property_72x72,property-72x72,"property,72x72",ui,Property 72X72 icon
Property_80x80,property-80x80,"property,80x80",ui,Property 80X80 icon
Property_96x96,property-96x96,"96x96,property",ui,Property 96X96 icon
Protection_16x16,protection-16x16,"protection,16x16",security,Protection 16X16 icon
Protection_32x32,protection-32x32,"protection,32x32",security,Protection 32X32 icon
Protection_48x48,protection-48x48,"48x48,protection",security,Protection 48X48 icon
Qip_16x16,qip-16x16,"qip,16x16",ui,Qip 16X16 icon
Qip_24x24,qip-24x24,"qip,24x24",ui,Qip 24X24 icon
Qip_256x256,qip-256x256,"qip,256x256",ui,Qip 256X256 icon
Qip_32x32,qip-32x32,"qip,32x32",ui,Qip 32X32 icon
Qip_48x48,qip-48x48,"qip,48x48",ui,Qip 48X48 icon
Question_16x16,question-16x16,"16x16,question",ui,Question 16X16 icon
question_24x24,question-24x24,"24x24,question",ui,Question 24X24 icon
Radiation_16x16,radiation-16x16,"16x16,radiation",ui,Radiation 16X16 icon
radiation_24x24,radiation-24x24,"24x24,radiation",ui,Radiation 24X24 icon
Raise_16x16,raise-16x16,"raise,16x16",ui,Raise 16X16 icon
raise_24x24,raise-24x24,"24x24,raise",ui,Raise 24X24 icon
Record_128x128,record-128x128,"128x128,record",ui,Record 128X128 icon
Record_16x16,record-16x16,"16x16,record",ui,Record 16X16 icon
record_24x24,record-24x24,"24x24,record",ui,Record 24X24 icon
Record_32x32,record-32x32,"32x32,record",ui,Record 32X32 icon
Record_48x48,record-48x48,"48x48,record",ui,Record 48X48 icon
recycle_32x32,recycle-32x32,"recycle,32x32",ui,Recycle 32X32 icon
Red_book_32x32,red-book-32x32,"book,32x32,red",files,Red Book 32X32 icon
Red_bookmark_16x16,red-bookmark-16x16,"bookmark,16x16,red",files,Red Bookmark 16X16 icon
red_bookmark_24x24,red-bookmark-24x24,"24x24,bookmark,red",files,Red Bookmark 24X24 icon
reddit_32x32,reddit-32x32,"reddit,32x32",ui,Reddit 32X32 icon
reddit_48x48,reddit-48x48,"48x48,reddit",ui,Reddit 48X48 icon
Red_eye_removing_32x32,red-eye-removing-32x32,"removing,eye,32x32,red",ui,Red Eye Removing 32X32 icon
Red_mark_16x16,red-mark-16x16,"mark,16x16,red",ui,Red Mark 16X16 icon
red_mark_24x24,red-mark-24x24,"mark,24x24,red",ui,Red Mark 24X24 icon
Redo_16x16,redo-16x16,"16x16,redo",ui,Redo 16X16 icon
redo_24x24,redo-24x24,"24x24,redo",ui,Redo 24X24 icon
Redo_32x32,redo-32x32,"32x32,redo",ui,Redo 32X32 icon
Redo_48x48,redo-48x48,"48x48,redo",ui,Redo 48X48 icon
Red_pin_16x16,red-pin-16x16,"16x16,pin,red",ui,Red Pin 16X16 icon
red_pin_24x24,red-pin-24x24,"24x24,pin,red",ui,Red Pin 24X24 icon
Red_star_16x16,red-star-16x16,"star,16x16,red",ui,Red Star 16X16 icon
red_star_24x24,red-star-24x24,"24x24,star,red",ui,Red Star 24X24 icon
Red_tag_16x16,red-tag-16x16,"tag,16x16,red",ui,Red Tag 16X16 icon
red_tag_24x24,red-tag-24x24,"tag,24x24,red",ui,Red Tag 24X24 icon
Reduce_time_48x48,reduce-time-48x48,"time,48x48,reduce",ui,Reduce Time 48X48 icon
refresh_24x24,refresh-24x24,"24x24,refresh",ui,Refresh 24X24 icon
Refresh_32x32,refresh-32x32,"32x32,refresh",ui,Refresh 32X32 icon
Registered_problem_16x16,registered-problem-16x16,"registered,problem,16x16",ui,Registered Problem 16X16 icon
Registered_problem_32x32,registered-problem-32x32,"registered,problem,32x32",ui,Registered Problem 32X32 icon
Registered_problem_48x48,registered-problem-48x48,"registered,problem,48x48",ui,Registered Problem 48X48 icon
Registration_32x32,registration-32x32,"32x32,registration",ui,Registration 32X32 icon
Registry_32x32,registry-32x32,"32x32,registry",ui,Registry 32X32 icon
Remove_16x16,remove-16x16,"16x16,remove",ui,Remove 16X16 icon
remove_24x24,remove-24x24,"24x24,remove",ui,Remove 24X24 icon
Remove_event_48x48,remove-event-48x48,"event,48x48,remove",ui,Remove Event 48X48 icon
remove_from_basket_24x24,remove-from-basket-24x24,"24x24,from,basket,remove",ui,Remove From Basket 24X24 icon
Rename_32x32,rename-32x32,"rename,32x32",ui,Rename 32X32 icon
Repair_16x16,repair-16x16,"repair,16x16",ui,Repair 16X16 icon
repair_24x24,repair-24x24,"24x24,repair",ui,Repair 24X24 icon
Replace_pixels_32x32,replace-pixels-32x32,"replace,32x32,pixels",ui,Replace Pixels 32X32 icon
Report_16x16,report-16x16,"16x16,report",ui,Report 16X16 icon
report_24x24,report-24x24,"24x24,report",ui,Report 24X24 icon
Resize_image_32x32,resize-image-32x32,"image,resize,32x32",ui,Resize Image 32X32 icon
Restangle_32x32,restangle-32x32,"restangle,32x32",ui,Restangle 32X32 icon
Retail-Shop_128x128,retail-shop-128x128,"shop,128x128,retail",ui,Retail Shop 128X128 icon
Retail-Shop_16x16,retail-shop-16x16,"shop,16x16,retail",ui,Retail Shop 16X16 icon
Retail-Shop_24x24,retail-shop-24x24,"shop,24x24,retail",ui,Retail Shop 24X24 icon
Retail-Shop_256x256,retail-shop-256x256,"shop,256x256,retail",ui,Retail Shop 256X256 icon
Retail-Shop_32x32,retail-shop-32x32,"shop,32x32,retail",ui,Retail Shop 32X32 icon
Retail-Shop_48x48,retail-shop-48x48,"shop,48x48,retail",ui,Retail Shop 48X48 icon
Retail-Shop_64x64,retail-shop-64x64,"shop,64x64,retail",ui,Retail Shop 64X64 icon
Retail-Shop_72x72,retail-shop-72x72,"shop,72x72,retail",ui,Retail Shop 72X72 icon
Retail-Shop_80x80,retail-shop-80x80,"shop,80x80,retail",ui,Retail Shop 80X80 icon
Retail-Shop_96x96,retail-shop-96x96,"shop,96x96,retail",ui,Retail Shop 96X96 icon
Retort_16x16,retort-16x16,"retort,16x16",ui,Retort 16X16 icon
retort_24x24,retort-24x24,"24x24,retort",ui,Retort 24X24 icon
Revert_32x32,revert-32x32,"32x32,revert",ui,Revert 32X32 icon
Rewind_16x16,rewind-16x16,"16x16,rewind",ui,Rewind 16X16 icon
rewind_24x24,rewind-24x24,"24x24,rewind",ui,Rewind 24X24 icon
RGB_32x32,rgb-32x32,"rgb,32x32",ui,Rgb 32X32 icon
right_24x24,right-24x24,"right,24x24",ui,Right 24X24 icon
Right_32x32,right-32x32,"right,32x32",ui,Right 32X32 icon
Rocket_48x48,rocket-48x48,"rocket,48x48",ui,Rocket 48X48 icon
Rotate_3d-4_16x16,rotate-3d-4-16x16,"3d,4,rotate,16x16",ui,Rotate 3D 4 16X16 icon
Rotate_3d-4_32x32,rotate-3d-4-32x32,"3d,4,rotate,32x32",ui,Rotate 3D 4 32X32 icon
Rotate_3d-4_48x48,rotate-3d-4-48x48,"3d,4,rotate,48x48",ui,Rotate 3D 4 48X48 icon
Rotate_CCW_32x32,rotate-ccw-32x32,"ccw,rotate,32x32",ui,Rotate Ccw 32X32 icon
Rotate_CW_32x32,rotate-cw-32x32,"cw,rotate,32x32",ui,Rotate Cw 32X32 icon
Rotate_left_32x32,rotate-left-32x32,"left,rotate,32x32",ui,Rotate Left 32X32 icon
Rotate_right_32x32,rotate-right-32x32,"right,rotate,32x32",ui,Rotate Right 32X32 icon
Rotation_32x32,rotation-32x32,"rotation,32x32",ui,Rotation 32X32 icon
rouble_24x24,rouble-24x24,"24x24,rouble",ui,Rouble 24X24 icon
Rounded_rectangle_32x32,rounded-rectangle-32x32,"rounded,rectangle,32x32",ui,Rounded Rectangle 32X32 icon
RSS_24x24,rss-24x24,"24x24,rss",ui,Rss 24X24 icon
ruler_32x32,ruler-32x32,"ruler,32x32",ui,Ruler 32X32 icon
Run_48x48,run-48x48,"48x48,run",ui,Run 48X48 icon
Run_application_48x48,run-application-48x48,"48x48,application,run",ui,Run Application 48X48 icon
Sad_16x16,sad-16x16,"sad,16x16",emoji,Sad 16X16 icon
sad_24x24,sad-24x24,"24x24,sad",emoji,Sad 24X24 icon
safe_24x24,safe-24x24,"safe,24x24",ui,Safe 24X24 icon
save_24x24,save-24x24,"24x24,save",ui,Save 24X24 icon
Save_32x32,save-32x32,"32x32,save",ui,Save 32X32 icon
Save_as_16x16,save-as-16x16,"as,16x16,save",ui,Save As 16X16 icon
save_as_24x24,save-as-24x24,"as,24x24,save",ui,Save As 24X24 icon
Save_as_32x32,save-as-32x32,"as,32x32,save",ui,Save As 32X32 icon
Save_as_48x48,save-as-48x48,"as,48x48,save",ui,Save As 48X48 icon
Save_color_32x32,save-color-32x32,"color,32x32,save",ui,Save Color 32X32 icon
Save_data_32x32,save-data-32x32,"data,32x32,save",ui,Save Data 32X32 icon
Save_file_16x16,save-file-16x16,"file,16x16,save",files,Save File 16X16 icon
Save_file_32x32,save-file-32x32,"file,32x32,save",files,Save File 32X32 icon
Save_file_48x48,save-file-48x48,"file,48x48,save",files,Save File 48X48 icon
Save_image_32x32,save-image-32x32,"image,32x32,save",ui,Save Image 32X32 icon
Save_picture_32x32,save-picture-32x32,"picture,32x32,save",ui,Save Picture 32X32 icon
Scan_film_32x32,scan-film-32x32,"scan,film,32x32",ui,Scan Film 32X32 icon
Scan_image_32x32,scan-image-32x32,"scan,image,32x32",ui,Scan Image 32X32 icon
Scanner_32x32,scanner-32x32,"scanner,32x32",ui,Scanner 32X32 icon
Scenario_32x32,scenario-32x32,"scenario,32x32",ui,Scenario 32X32 icon
schedule_24x24,schedule-24x24,"schedule,24x24",ui,Schedule 24X24 icon
Schedule_48x48,schedule-48x48,"schedule,48x48",ui,Schedule 48X48 icon
Scheduled_48x48,scheduled-48x48,"48x48,scheduled",ui,Scheduled 48X48 icon
Screwdriver_16x16,screwdriver-16x16,"screwdriver,16x16",tools,Screwdriver 16X16 icon
Screwdriver_32x32,screwdriver-32x32,"screwdriver,32x32",tools,Screwdriver 32X32 icon
Screwdriver_48x48,screwdriver-48x48,"48x48,screwdriver",tools,Screwdriver 48X48 icon
script_24x24,script-24x24,"24x24,script",ui,Script 24X24 icon
Script_32x32,script-32x32,"32x32,script",ui,Script 32X32 icon
scroll_list_24x24,scroll-list-24x24,"list,24x24,scroll",ui,Scroll List 24X24 icon
search_32x32,search-32x32,"search,32x32",ui,Search 32X32 icon
Search_32x32,search-32x32,"search,32x32",ui,Search 32X32 icon
Search_computer_32x32,search-computer-32x32,"search,32x32,computer",ui,Search Computer 32X32 icon
Search_event_48x48,search-event-48x48,"event,search,48x48",ui,Search Event 48X48 icon
Search_folder_32x32,search-folder-32x32,"search,32x32,folder",files,Search Folder 32X32 icon
Search_online_32x32,search-online-32x32,"search,online,32x32",ui,Search Online 32X32 icon
Search_text_32x32,search-text-32x32,"text,search,32x32",files,Search Text 32X32 icon
security_32x32,security-32x32,"security,32x32",security,Security 32X32 icon
Select_date_48x48,select-date-48x48,"48x48,select,date",ui,Select Date 48X48 icon
Select_gpadient_32x32,select-gpadient-32x32,"32x32,gpadient,select",ui,Select Gpadient 32X32 icon
Selection_32x32,selection-32x32,"selection,32x32",ui,Selection 32X32 icon
settings_32x32,settings-32x32,"settings,32x32",tools,Settings 32X32 icon
Settings_32x32,settings-32x32,"settings,32x32",tools,Settings 32X32 icon
Sharpness_32x32,sharpness-32x32,"32x32,sharpness",ui,Sharpness 32X32 icon
Shield_16x16_16x16,shield-16x16-16x16,"16x16,shield",security,Shield 16X16 16X16 icon
shield_24x24,shield-24x24,"24x24,shield",security,Shield 24X24 icon
Shopping_cart_16x16,shopping-cart-16x16,"shopping,cart,16x16",ui,Shopping Cart 16X16 icon
shopping_cart_24x24,shopping-cart-24x24,"24x24,shopping,cart",ui,Shopping Cart 24X24 icon
Show_32x32,show-32x32,"show,32x32",ui,Show 32X32 icon
Silence_16x16,silence-16x16,"silence,16x16",ui,Silence 16X16 icon
silence_24x24,silence-24x24,"silence,24x24",ui,Silence 24X24 icon
Simple_clock_48x48,simple-clock-48x48,"clock,48x48,simple",security,Simple Clock 48X48 icon
Sims_16x16,sims-16x16,"16x16,sims",ui,Sims 16X16 icon
Sims_32x32,sims-32x32,"32x32,sims",ui,Sims 32X32 icon
Sizes_32x32,sizes-32x32,"sizes,32x32",ui,Sizes 32X32 icon
skull_32x32,skull-32x32,"skull,32x32",ui,Skull 32X32 icon
Skype_16x16,skype-16x16,"skype,16x16",ui,Skype 16X16 icon
Skype_24x24,skype-24x24,"skype,24x24",ui,Skype 24X24 icon
Skype_256x256,skype-256x256,"skype,256x256",ui,Skype 256X256 icon
Skype_32x32,skype-32x32,"skype,32x32",ui,Skype 32X32 icon
Skype_48x48,skype-48x48,"skype,48x48",ui,Skype 48X48 icon
Slow_48x48,slow-48x48,"48x48,slow",ui,Slow 48X48 icon
Smile_16x16,smile-16x16,"smile,16x16",emoji,Smile 16X16 icon
smile_24x24,smile-24x24,"smile,24x24",emoji,Smile 24X24 icon
Smooth_32x32,smooth-32x32,"smooth,32x32",ui,Smooth 32X32 icon
Smooth_line_32x32,smooth-line-32x32,"line,smooth,32x32",ui,Smooth Line 32X32 icon
snitch_16x16,snitch-16x16,"snitch,16x16",ui,Snitch 16X16 icon
snitch_32x32,snitch-32x32,"snitch,32x32",ui,Snitch 32X32 icon
snitch_48x48,snitch-48x48,"48x48,snitch",ui,Snitch 48X48 icon
soccer-ball_32x32,soccer-ball-32x32,"ball,32x32,soccer",ui,Soccer Ball 32X32 icon
software_24x24,software-24x24,"24x24,software",ui,Software 24X24 icon
Soldier_16x16,soldier-16x16,"soldier,16x16",ui,Soldier 16X16 icon
Soldier_32x32,soldier-32x32,"soldier,32x32",ui,Soldier 32X32 icon
Soldier_48x48,soldier-48x48,"soldier,48x48",ui,Soldier 48X48 icon
Soldiers_16x16,soldiers-16x16,"16x16,soldiers",ui,Soldiers 16X16 icon
Soldiers_32x32,soldiers-32x32,"soldiers,32x32",ui,Soldiers 32X32 icon
Soldiers_48x48,soldiers-48x48,"48x48,soldiers",ui,Soldiers 48X48 icon
Sound_16x16,sound-16x16,"16x16,sound",ui,Sound 16X16 icon
sound_24x24,sound-24x24,"24x24,sound",ui,Sound 24X24 icon
Speed_48x48,speed-48x48,"48x48,speed",ui,Speed 48X48 icon
Spell_checking_32x32,spell-checking-32x32,"checking,spell,32x32",ui,Spell Checking 32X32 icon
Spiral_32x32,spiral-32x32,"spiral,32x32",ui,Spiral 32X32 icon
Spray_32x32,spray-32x32,"spray,32x32",ui,Spray 32X32 icon
Square_32x32,square-32x32,"square,32x32",ui,Square 32X32 icon
Start_48x48,start-48x48,"48x48,start",ui,Start 48X48 icon
statistics_24x24,statistics-24x24,"statistics,24x24",ui,Statistics 24X24 icon
Stock_graph_16x16,stock-graph-16x16,"16x16,graph,stock",ui,Stock Graph 16X16 icon
stock_graph_24x24,stock-graph-24x24,"24x24,graph,stock",ui,Stock Graph 24X24 icon
stop_24x24,stop-24x24,"24x24,stop",ui,Stop 24X24 icon
Stop_48x48,stop-48x48,"48x48,stop",ui,Stop 48X48 icon
Stop_playing_32x32,stop-playing-32x32,"stop,32x32,playing",ui,Stop Playing 32X32 icon
Stop_sign_16x16,stop-sign-16x16,"sign,stop,16x16",ui,Stop Sign 16X16 icon
stop_sign_24x24,stop-sign-24x24,"sign,24x24,stop",ui,Stop Sign 24X24 icon
Stopwatch_16x16,stopwatch-16x16,"16x16,stopwatch",ui,Stopwatch 16X16 icon
stopwatch_24x24,stopwatch-24x24,"24x24,stopwatch",ui,Stopwatch 24X24 icon
stumbleupon_32x32,stumbleupon-32x32,"stumbleupon,32x32",ui,Stumbleupon 32X32 icon
stumbleupon_48x48,stumbleupon-48x48,"48x48,stumbleupon",ui,Stumbleupon 48X48 icon
SublimeText_16x16,sublimetext-16x16,"sublimetext,16x16",files,Sublimetext 16X16 icon
SublimeText_32x32,sublimetext-32x32,"sublimetext,32x32",files,Sublimetext 32X32 icon
Sum_16x16,sum-16x16,"sum,16x16",ui,Sum 16X16 icon
sum_24x24,sum-24x24,"sum,24x24",ui,Sum 24X24 icon
Sun_48x48,sun-48x48,"sun,48x48",ui,Sun 48X48 icon
Sync_16x16,sync-16x16,"sync,16x16",ui,Sync 16X16 icon
sync_24x24,sync-24x24,"sync,24x24",ui,Sync 24X24 icon
Synchronize_32x32,synchronize-32x32,"32x32,synchronize",ui,Synchronize 32X32 icon
Table_16x16,table-16x16,"table,16x16",ui,Table 16X16 icon
table_24x24,table-24x24,"table,24x24",ui,Table 24X24 icon
Tag_32x32,tag-32x32,"tag,32x32",ui,Tag 32X32 icon
Target1_32x32,target1-32x32,"32x32,target1",ui,Target1 32X32 icon
target_24x24,target-24x24,"24x24,target",ui,Target 24X24 icon
Target_32x32,target-32x32,"target,32x32",ui,Target 32X32 icon
task_list_24x24,task-list-24x24,"list,24x24,task",ui,Task List 24X24 icon
Task_list_48x48,task-list-48x48,"list,48x48,task",ui,Task List 48X48 icon
Taxi_16x16,taxi-16x16,"taxi,16x16",ui,Taxi 16X16 icon
taxi_24x24,taxi-24x24,"24x24,taxi",ui,Taxi 24X24 icon
Teamspeak_16x16,teamspeak-16x16,"16x16,teamspeak",ui,Teamspeak 16X16 icon
Teamspeak_32x32,teamspeak-32x32,"32x32,teamspeak",ui,Teamspeak 32X32 icon
telephone_24x24,telephone-24x24,"telephone,24x24",ui,Telephone 24X24 icon
Temple_128x128,temple-128x128,"temple,128x128",ui,Temple 128X128 icon
Temple_16x16,temple-16x16,"temple,16x16",ui,Temple 16X16 icon
Temple_24x24,temple-24x24,"temple,24x24",ui,Temple 24X24 icon
Temple_256x256,temple-256x256,"256x256,temple",ui,Temple 256X256 icon
Temple_32x32,temple-32x32,"temple,32x32",ui,Temple 32X32 icon
Temple_48x48,temple-48x48,"temple,48x48",ui,Temple 48X48 icon
Temple_64x64,temple-64x64,"temple,64x64",ui,Temple 64X64 icon
Temple_72x72,temple-72x72,"temple,72x72",ui,Temple 72X72 icon
Temple_80x80,temple-80x80,"temple,80x80",ui,Temple 80X80 icon
Temple_96x96,temple-96x96,"96x96,temple",ui,Temple 96X96 icon
Temporary_tooth_48x48,temporary-tooth-48x48,"48x48,temporary,tooth",ui,Temporary Tooth 48X48 icon
tennis-ball_32x32,tennis-ball-32x32,"tennis,32x32,ball",ui,Tennis Ball 32X32 icon
terminate_24x24,terminate-24x24,"24x24,terminate",ui,Terminate 24X24 icon
Terminate_48x48,terminate-48x48,"48x48,terminate",ui,Terminate 48X48 icon
Test_line_32x32,test-line-32x32,"line,32x32,test",development,Test Line 32X32 icon
Text_16x16,text-16x16,"text,16x16",files,Text 16X16 icon
text_32x32,text-32x32,"text,32x32",files,Text 32X32 icon
Text_color_32x32,text-color-32x32,"text,32x32,color",files,Text Color 32X32 icon
Text_preview_16x16,text-preview-16x16,"preview,text,16x16",files,Text Preview 16X16 icon
text_preview_24x24,text-preview-24x24,"preview,text,24x24",files,Text Preview 24X24 icon
Text_replace_32x32,text-replace-32x32,"replace,text,32x32",files,Text Replace 32X32 icon
Text_tool_32x32,text-tool-32x32,"text,tool,32x32",files,Text Tool 32X32 icon
Thumbs_down_16x16,thumbs-down-16x16,"thumbs,down,16x16",ui,Thumbs Down 16X16 icon
thumbs_down_24x24,thumbs-down-24x24,"thumbs,24x24,down",ui,Thumbs Down 24X24 icon
Thumbs_up_16x16,thumbs-up-16x16,"thumbs,16x16,up",ui,Thumbs Up 16X16 icon
thumbs_up_24x24,thumbs-up-24x24,"thumbs,24x24,up",ui,Thumbs Up 24X24 icon
tick_24x24,tick-24x24,"tick,24x24",ui,Tick 24X24 icon
Time_48x48,time-48x48,"time,48x48",ui,Time 48X48 icon
Time_machine_48x48,time-machine-48x48,"time,48x48,machine",ui,Time Machine 48X48 icon
Time_management_48x48,time-management-48x48,"time,48x48,management",ui,Time Management 48X48 icon
Timer_48x48,timer-48x48,"48x48,timer",ui,Timer 48X48 icon
Time_report_48x48,time-report-48x48,"time,48x48,report",ui,Time Report 48X48 icon
Time_settings_48x48,time-settings-48x48,"time,48x48,settings",tools,Time Settings 48X48 icon
Timetable_48x48,timetable-48x48,"48x48,timetable",ui,Timetable 48X48 icon
Time_tracker_48x48,time-tracker-48x48,"time,48x48,tracker",ui,Time Tracker 48X48 icon
Time_zone_48x48,time-zone-48x48,"time,48x48,zone",ui,Time Zone 48X48 icon
Tip_of_the_day_32x32,tip-of-the-day-32x32,"day,tip,of,the,32x32",ui,Tip Of The Day 32X32 icon
to_do_list_24x24,to-do-list-24x24,"to,list,do,24x24",ui,To Do List 24X24 icon
To_do_list_48x48,to-do-list-48x48,"to,list,do,48x48",ui,To Do List 48X48 icon
toilet-paper_32x32,toilet-paper-32x32,"toilet,32x32,paper",files,Toilet Paper 32X32 icon
Toolbox_16x16,toolbox-16x16,"16x16,toolbox",tools,Toolbox 16X16 icon
toolbox_24x24,toolbox-24x24,"24x24,toolbox",tools,Toolbox 24X24 icon
Tools_32x32,tools-32x32,"tools,32x32",tools,Tools 32X32 icon
Top_16x16,top-16x16,"16x16,top",ui,Top 16X16 icon
top_24x24,top-24x24,"24x24,top",ui,Top 24X24 icon
Top_32x32,top-32x32,"32x32,top",ui,Top 32X32 icon
Top_48x48,top-48x48,"48x48,top",ui,Top 48X48 icon
Touch_32x32,touch-32x32,"touch,32x32",ui,Touch 32X32 icon
Tower_48x48,tower-48x48,"48x48,tower",ui,Tower 48X48 icon
toy-2_copy_32x32,toy-2-copy-32x32,"toy,copy,2,32x32",ui,Toy 2 Copy 32X32 icon
toy_32x32,toy-32x32,"toy,32x32",ui,Toy 32X32 icon
Trackback_16x16,trackback-16x16,"trackback,16x16",ui,Trackback 16X16 icon
trackback_24x24,trackback-24x24,"trackback,24x24",ui,Trackback 24X24 icon
Trade_16x16,trade-16x16,"trade,16x16",ui,Trade 16X16 icon
Trade_32x32,trade-32x32,"trade,32x32",ui,Trade 32X32 icon
Trade_48x48,trade-48x48,"trade,48x48",ui,Trade 48X48 icon
Transparency_32x32,transparency-32x32,"32x32,transparency",ui,Transparency 32X32 icon
Transparent_background_32x32,transparent-background-32x32,"background,transparent,32x32",ui,Transparent Background 32X32 icon
Transparent_color_32x32,transparent-color-32x32,"color,transparent,32x32",ui,Transparent Color 32X32 icon
Trash_16x16,trash-16x16,"16x16,trash",ui,Trash 16X16 icon
trash_24x24,trash-24x24,"24x24,trash",ui,Trash 24X24 icon
tree_32x32,tree-32x32,"tree,32x32",ui,Tree 32X32 icon
Triangle_32x32,triangle-32x32,"triangle,32x32",ui,Triangle 32X32 icon
Trillium_16x16,trillium-16x16,"16x16,trillium",ui,Trillium 16X16 icon
Trillium_24x24,trillium-24x24,"24x24,trillium",ui,Trillium 24X24 icon
Trillium_256x256,trillium-256x256,"256x256,trillium",ui,Trillium 256X256 icon
Trillium_32x32,trillium-32x32,"trillium,32x32",ui,Trillium 32X32 icon
Trillium_48x48,trillium-48x48,"48x48,trillium",ui,Trillium 48X48 icon
True_color_32x32,true-color-32x32,"color,true,32x32",ui,True Color 32X32 icon
t-shirt_32x32,t-shirt-32x32,"t,32x32,shirt",ui,T Shirt 32X32 icon
Tune_16x16,tune-16x16,"tune,16x16",ui,Tune 16X16 icon
tune_24x24,tune-24x24,"24x24,tune",ui,Tune 24X24 icon
TuneUp_16x16,tuneup-16x16,"tuneup,16x16",ui,Tuneup 16X16 icon
TuneUp_32x32,tuneup-32x32,"tuneup,32x32",ui,Tuneup 32X32 icon
Turnaround_time_48x48,turnaround-time-48x48,"time,turnaround,48x48",ui,Turnaround Time 48X48 icon
Turn_off_16x16,turn-off-16x16,"off,16x16,turn",ui,Turn Off 16X16 icon
turn_off_24x24,turn-off-24x24,"24x24,off,turn",ui,Turn Off 24X24 icon
Twitter_16x16,twitter-16x16,"twitter,16x16",ui,Twitter 16X16 icon
twitter_32x32,twitter-32x32,"twitter,32x32",ui,Twitter 32X32 icon
undo_24x24,undo-24x24,"24x24,undo",ui,Undo 24X24 icon
Undo_32x32,undo-32x32,"32x32,undo",ui,Undo 32X32 icon
Units_32x32,units-32x32,"units,32x32",ui,Units 32X32 icon
Universal_128x128,universal-128x128,"universal,128x128",ui,Universal 128X128 icon
Universal_16x16,universal-16x16,"universal,16x16",ui,Universal 16X16 icon
Universal_32x32,universal-32x32,"universal,32x32",ui,Universal 32X32 icon
Universal_48x48,universal-48x48,"universal,48x48",ui,Universal 48X48 icon
unknown_person_24x24,unknown-person-24x24,"person,24x24,unknown",ui,Unknown Person 24X24 icon
unlock_32x32,unlock-32x32,"32x32,unlock",security,Unlock 32X32 icon
Unlock_32x32,unlock-32x32,"32x32,unlock",security,Unlock 32X32 icon
unordered_list_24x24,unordered-list-24x24,"list,24x24,unordered",ui,Unordered List 24X24 icon
up_24x24,up-24x24,"24x24,up",ui,Up 24X24 icon
Up_32x32,up-32x32,"32x32,up",ui,Up 32X32 icon
Update_16x16,update-16x16,"update,16x16",ui,Update 16X16 icon
update_24x24,update-24x24,"24x24,update",ui,Update 24X24 icon
up-down_24x24,up-down-24x24,"24x24,down,up",ui,Up Down 24X24 icon
Up-down_32x32,up-down-32x32,"down,32x32,up",ui,Up Down 32X32 icon
Upload_16x16,upload-16x16,"upload,16x16",ui,Upload 16X16 icon
upload_32x32,upload-32x32,"upload,32x32",ui,Upload 32X32 icon
Upload_image_32x32,upload-image-32x32,"upload,image,32x32",ui,Upload Image 32X32 icon
user-1_32x32,user-1-32x32,"user,1,32x32",ui,User 1 32X32 icon
user-2_32x32,user-2-32x32,"user,2,32x32",ui,User 2 32X32 icon
user_24x24,user-24x24,"24x24,user",ui,User 24X24 icon
User_group_16x16,user-group-16x16,"group,user,16x16",ui,User Group 16X16 icon
user_group_24x24,user-group-24x24,"group,24x24,user",ui,User Group 24X24 icon
users_24x24,users-24x24,"users,24x24",ui,Users 24X24 icon
View_16x16,view-16x16,"view,16x16",ui,View 16X16 icon
view_24x24,view-24x24,"24x24,view",ui,View 24X24 icon
View_account_16x16,view-account-16x16,"account,view,16x16",ui,View Account 16X16 icon
View_account_32x32,view-account-32x32,"account,view,32x32",ui,View Account 32X32 icon
View_account_48x48,view-account-48x48,"account,48x48,view",ui,View Account 48X48 icon
View_group_16x16,view-group-16x16,"group,view,16x16",ui,View Group 16X16 icon
View_group_32x32,view-group-32x32,"group,view,32x32",ui,View Group 32X32 icon
View_group_48x48,view-group-48x48,"group,48x48,view",ui,View Group 48X48 icon
Volume_16x16,volume-16x16,"volume,16x16",ui,Volume 16X16 icon
volume_24x24,volume-24x24,"24x24,volume",ui,Volume 24X24 icon
Wait_48x48,wait-48x48,"48x48,wait",ui,Wait 48X48 icon
Wall_clock_48x48,wall-clock-48x48,"clock,48x48,wall",security,Wall Clock 48X48 icon
Wallet_16x16,wallet-16x16,"16x16,wallet",ui,Wallet 16X16 icon
wallet_24x24,wallet-24x24,"24x24,wallet",ui,Wallet 24X24 icon
Warning_16x16,warning-16x16,"warning,16x16",ui,Warning 16X16 icon
warning_24x24,warning-24x24,"24x24,warning",ui,Warning 24X24 icon
Warning_32x32,warning-32x32,"warning,32x32",ui,Warning 32X32 icon
Warning_48x48,warning-48x48,"48x48,warning",ui,Warning 48X48 icon
weather_24x24,weather-24x24,"weather,24x24",ui,Weather 24X24 icon
Webcam_32x32,webcam-32x32,"32x32,webcam",network,Webcam 32X32 icon
Web_designer_32x32,web-designer-32x32,"designer,32x32,web",network,Web Designer 32X32 icon
Week_48x48,week-48x48,"week,48x48",ui,Week 48X48 icon
Wide_brush_32x32,wide-brush-32x32,"wide,brush,32x32",ui,Wide Brush 32X32 icon
Winamp_16x16,winamp-16x16,"16x16,winamp",ui,Winamp 16X16 icon
Winamp_32x32,winamp-32x32,"32x32,winamp",ui,Winamp 32X32 icon
Windows_16x16,windows-16x16,"16x16,windows",ui,Windows 16X16 icon
Windows_32x32,windows-32x32,"32x32,windows",ui,Windows 32X32 icon
Windows_48x48,windows-48x48,"48x48,windows",ui,Windows 48X48 icon
Wind_rose_16x16,wind-rose-16x16,"rose,wind,16x16",ui,Wind Rose 16X16 icon
Wind_rose_32x32,wind-rose-32x32,"rose,wind,32x32",ui,Wind Rose 32X32 icon
Wind_rose_48x48,wind-rose-48x48,"rose,48x48,wind",ui,Wind Rose 48X48 icon
wireless_32x32,wireless-32x32,"wireless,32x32",ui,Wireless 32X32 icon
Wireless_connection_16x16,wireless-connection-16x16,"connection,wireless,16x16",network,Wireless Connection 16X16 icon
Wireless_connection_32x32,wireless-connection-32x32,"connection,wireless,32x32",network,Wireless Connection 32X32 icon
Wireless_connection_48x48,wireless-connection-48x48,"connection,48x48,wireless",network,Wireless Connection 48X48 icon
wizard_24x24,wizard-24x24,"24x24,wizard",ui,Wizard 24X24 icon
Wizard_32x32,wizard-32x32,"32x32,wizard",ui,Wizard 32X32 icon
Work_area_32x32,work-area-32x32,"area,32x32,work",ui,Work Area 32X32 icon
Wrench_16x16,wrench-16x16,"wrench,16x16",tools,Wrench 16X16 icon
wrench_24x24,wrench-24x24,"wrench,24x24",tools,Wrench 24X24 icon
Wrist_watch_48x48,wrist-watch-48x48,"wrist,48x48,watch",ui,Wrist Watch 48X48 icon
Writing_pencil_32x32,writing-pencil-32x32,"writing,32x32,pencil",ui,Writing Pencil 32X32 icon
Wrong_32x32,wrong-32x32,"wrong,32x32",ui,Wrong 32X32 icon
xls_32x32,xls-32x32,"xls,32x32",ui,Xls 32X32 icon
Yahoomessenger_16x16,yahoomessenger-16x16,"yahoomessenger,16x16",ui,Yahoomessenger 16X16 icon
Yahoomessenger_24x24,yahoomessenger-24x24,"yahoomessenger,24x24",ui,Yahoomessenger 24X24 icon
Yahoomessenger_256x256,yahoomessenger-256x256,"256x256,yahoomessenger",ui,Yahoomessenger 256X256 icon
Yahoomessenger_32x32,yahoomessenger-32x32,"yahoomessenger,32x32",ui,Yahoomessenger 32X32 icon
Yahoomessenger_48x48,yahoomessenger-48x48,"yahoomessenger,48x48",ui,Yahoomessenger 48X48 icon
Yellow_bookmark_16x16,yellow-bookmark-16x16,"bookmark,16x16,yellow",files,Yellow Bookmark 16X16 icon
yellow_bookmark_24x24,yellow-bookmark-24x24,"24x24,bookmark,yellow",files,Yellow Bookmark 24X24 icon
Yellow_pin_16x16,yellow-pin-16x16,"16x16,pin,yellow",ui,Yellow Pin 16X16 icon
yellow_pin_24x24,yellow-pin-24x24,"24x24,pin,yellow",ui,Yellow Pin 24X24 icon
Yellow_tag_16x16,yellow-tag-16x16,"tag,16x16,yellow",ui,Yellow Tag 16X16 icon
yellow_tag_24x24,yellow-tag-24x24,"tag,24x24,yellow",ui,Yellow Tag 24X24 icon
yen_24x24,yen-24x24,"24x24,yen",ui,Yen 24X24 icon
yes_24x24,yes-24x24,"24x24,yes",ui,Yes 24X24 icon
Yes_32x32,yes-32x32,"yes,32x32",ui,Yes 32X32 icon
Yin-Yang_24x24,yin-yang-24x24,"yin,24x24,yang",ui,Yin Yang 24X24 icon
YUV_color_space_32x32,yuv-color-space-32x32,"space,color,32x32,yuv",ui,Yuv Color Space 32X32 icon
zoom_24x24,zoom-24x24,"zoom,24x24",ui,Zoom 24X24 icon
Zoom_32x32,zoom-32x32,"zoom,32x32",ui,Zoom 32X32 icon
Zoom_auto_32x32,zoom-auto-32x32,"zoom,auto,32x32",ui,Zoom Auto 32X32 icon
zoom_in_24x24,zoom-in-24x24,"zoom,24x24,in",ui,Zoom In 24X24 icon
Zoom_in_32x32,zoom-in-32x32,"zoom,in,32x32",ui,Zoom In 32X32 icon
zoom_out_24x24,zoom-out-24x24,"zoom,24x24,out",ui,Zoom Out 24X24 icon
Zoom_out_32x32,zoom-out-32x32,"zoom,out,32x32",ui,Zoom Out 32X32 icon
100_12x12,100-12x12,"12x12,100",ui,100 12X12 icon
101_12x12,101-12x12,"12x12,101",ui,101 12X12 icon
102_12x12,102-12x12,"102,12x12",ui,102 12X12 icon
103_12x12,103-12x12,"12x12,103",ui,103 12X12 icon
104_12x12,104-12x12,"104,12x12",ui,104 12X12 icon
105_12x12,105-12x12,"12x12,105",ui,105 12X12 icon
106_12x12,106-12x12,"12x12,106",ui,106 12X12 icon
107_12x12,107-12x12,"12x12,107",ui,107 12X12 icon
108_12x12,108-12x12,"108,12x12",ui,108 12X12 icon
109_12x12,109-12x12,"12x12,109",ui,109 12X12 icon
110_12x12,110-12x12,"12x12,110",ui,110 12X12 icon
111_12x12,111-12x12,"12x12,111",ui,111 12X12 icon
112_12x12,112-12x12,"12x12,112",ui,112 12X12 icon
113_12x12,113-12x12,"113,12x12",ui,113 12X12 icon
114_12x12,114-12x12,"12x12,114",ui,114 12X12 icon
115_12x12,115-12x12,"12x12,115",ui,115 12X12 icon
116_12x12,116-12x12,"12x12,116",ui,116 12X12 icon
117_12x12,117-12x12,"12x12,117",ui,117 12X12 icon
118_12x12,118-12x12,"118,12x12",ui,118 12X12 icon
119_12x12,119-12x12,"119,12x12",ui,119 12X12 icon
120_12x12,120-12x12,"12x12,120",ui,120 12X12 icon
121_12x12,121-12x12,"121,12x12",ui,121 12X12 icon
122_12x12,122-12x12,"122,12x12",ui,122 12X12 icon
123_12x12,123-12x12,"123,12x12",ui,123 12X12 icon
124_12x12,124-12x12,"124,12x12",ui,124 12X12 icon
125_12x12,125-12x12,"125,12x12",ui,125 12X12 icon
126_12x12,126-12x12,"12x12,126",ui,126 12X12 icon
127_12x12,127-12x12,"127,12x12",ui,127 12X12 icon
128_12x12,128-12x12,"12x12,128",ui,128 12X12 icon
129_12x12,129-12x12,"12x12,129",ui,129 12X12 icon
130_12x12,130-12x12,"130,12x12",ui,130 12X12 icon
131_12x12,131-12x12,"12x12,131",ui,131 12X12 icon
132_12x12,132-12x12,"132,12x12",ui,132 12X12 icon
133_12x12,133-12x12,"12x12,133",ui,133 12X12 icon
134_12x12,134-12x12,"12x12,134",ui,134 12X12 icon
135_12x12,135-12x12,"12x12,135",ui,135 12X12 icon
136_12x12,136-12x12,"12x12,136",ui,136 12X12 icon
137_12x12,137-12x12,"137,12x12",ui,137 12X12 icon
138_12x12,138-12x12,"12x12,138",ui,138 12X12 icon
139_12x12,139-12x12,"12x12,139",ui,139 12X12 icon
140_12x12,140-12x12,"12x12,140",ui,140 12X12 icon
141_12x12,141-12x12,"12x12,141",ui,141 12X12 icon
142_12x12,142-12x12,"12x12,142",ui,142 12X12 icon
143_12x12,143-12x12,"143,12x12",ui,143 12X12 icon
144_12x12,144-12x12,"144,12x12",ui,144 12X12 icon
145_12x12,145-12x12,"12x12,145",ui,145 12X12 icon
146_12x12,146-12x12,"12x12,146",ui,146 12X12 icon
147_12x12,147-12x12,"147,12x12",ui,147 12X12 icon
148_12x12,148-12x12,"12x12,148",ui,148 12X12 icon
149_12x12,149-12x12,"12x12,149",ui,149 12X12 icon
150_12x12,150-12x12,"12x12,150",ui,150 12X12 icon
151_12x12,151-12x12,"151,12x12",ui,151 12X12 icon
152_12x12,152-12x12,"152,12x12",ui,152 12X12 icon
153_12x12,153-12x12,"12x12,153",ui,153 12X12 icon
154_12x12,154-12x12,"154,12x12",ui,154 12X12 icon
24_16x16,24-16x16,"16x16,24",ui,24 16X16 icon
3d_bar_chart_20x20,3d-bar-chart-20x20,"20x20,3d,bar,chart",ui,3D Bar Chart 20X20 icon
49_16x16,49-16x16,"49,16x16",ui,49 16X16 icon
97_12x12,97-12x12,"12x12,97",ui,97 12X12 icon
98_12x12,98-12x12,"12x12,98",ui,98 12X12 icon
99_12x12,99-12x12,"99,12x12",ui,99 12X12 icon
Abort_24x24,abort-24x24,"abort,24x24",ui,Abort 24X24 icon
About_24x24,about-24x24,"about,24x24",ui,About 24X24 icon
Accept_24x24,accept-24x24,"accept,24x24",ui,Accept 24X24 icon
Accounting_24x24,accounting-24x24,"24x24,accounting",ui,Accounting 24X24 icon
Add_24x24,add-24x24,"24x24,add",ui,Add 24X24 icon
Address_book_24x24,address-book-24x24,"24x24,book,address",files,Address Book 24X24 icon
Add_to_basket_24x24,add-to-basket-24x24,"to,24x24,basket,add",ui,Add To Basket 24X24 icon
Alarm_clock_24x24,alarm-clock-24x24,"clock,alarm,24x24",security,Alarm Clock 24X24 icon
Alarm_24x24,alarm-24x24,"alarm,24x24",ui,Alarm 24X24 icon
Alert_24x24,alert-24x24,"24x24,alert",ui,Alert 24X24 icon
Alien_24x24,alien-24x24,"24x24,alien",ui,Alien 24X24 icon
Anchor_24x24,anchor-24x24,"24x24,anchor",ui,Anchor 24X24 icon
Application_form_24x24,application-form-24x24,"24x24,application,form",ui,Application Form 24X24 icon
Application_24x24,application-24x24,"24x24,application",ui,Application 24X24 icon
Back_24x24,back-24x24,"24x24,back",ui,Back 24X24 icon
Bad_mark_24x24,bad-mark-24x24,"bad,mark,24x24",ui,Bad Mark 24X24 icon
Bar_chart_24x24,bar-chart-24x24,"24x24,bar,chart",ui,Bar Chart 24X24 icon
Basket_24x24,basket-24x24,"24x24,basket",ui,Basket 24X24 icon
Bee_24x24,bee-24x24,"bee,24x24",ui,Bee 24X24 icon
Bell_24x24,bell-24x24,"24x24,bell",ui,Bell 24X24 icon
Best_24x24,best-24x24,"best,24x24",ui,Best 24X24 icon
Billboard_24x24,billboard-24x24,"24x24,billboard",ui,Billboard 24X24 icon
Black_bookmark_24x24,black-bookmark-24x24,"black,24x24,bookmark",files,Black Bookmark 24X24 icon
Black_pin_24x24,black-pin-24x24,"black,24x24,pin",ui,Black Pin 24X24 icon
Black_tag_24x24,black-tag-24x24,"tag,black,24x24",ui,Black Tag 24X24 icon
Blue_bookmark_24x24,blue-bookmark-24x24,"24x24,blue,bookmark",files,Blue Bookmark 24X24 icon
Blue_key_24x24,blue-key-24x24,"24x24,blue,key",security,Blue Key 24X24 icon
Blue_pin_24x24,blue-pin-24x24,"24x24,blue,pin",ui,Blue Pin 24X24 icon
Blue_tag_24x24,blue-tag-24x24,"tag,24x24,blue",ui,Blue Tag 24X24 icon
Bluetooth_24x24,bluetooth-24x24,"24x24,bluetooth",ui,Bluetooth 24X24 icon
Bomb_24x24,bomb-24x24,"24x24,bomb",ui,Bomb 24X24 icon
Book_24x24,book-24x24,"24x24,book",files,Book 24X24 icon
Bookmark_24x24,bookmark-24x24,"24x24,bookmark",files,Bookmark 24X24 icon
Boss_24x24,boss-24x24,"boss,24x24",ui,Boss 24X24 icon
Bottom_24x24,bottom-24x24,"bottom,24x24",ui,Bottom 24X24 icon
Box_24x24,box-24x24,"box,24x24",ui,Box 24X24 icon
Boy_24x24,boy-24x24,"24x24,boy",ui,Boy 24X24 icon
Brick_house_24x24,brick-house-24x24,"brick,24x24,house",ui,Brick House 24X24 icon
Bricks_24x24,bricks-24x24,"24x24,bricks",ui,Bricks 24X24 icon
Brief_case_24x24,brief-case-24x24,"24x24,case,brief",ui,Brief Case 24X24 icon
Briefcase_24x24,briefcase-24x24,"briefcase,24x24",ui,Briefcase 24X24 icon
Brightness_24x24,brightness-24x24,"brightness,24x24",ui,Brightness 24X24 icon
Bubble_24x24,bubble-24x24,"24x24,bubble",ui,Bubble 24X24 icon
Buddy_24x24,buddy-24x24,"24x24,buddy",ui,Buddy 24X24 icon
Buy_24x24,buy-24x24,"buy,24x24",ui,Buy 24X24 icon
Cable_24x24,cable-24x24,"24x24,cable",ui,Cable 24X24 icon
Calculator_24x24,calculator-24x24,"24x24,calculator",ui,Calculator 24X24 icon
Calendar_24x24,calendar-24x24,"calendar,24x24",ui,Calendar 24X24 icon
Call_24x24,call-24x24,"24x24,call",ui,Call 24X24 icon
Camera_24x24,camera-24x24,"24x24,camera",ui,Camera 24X24 icon
Cancel_16x16,cancel-16x16,"16x16,cancel",ui,Cancel 16X16 icon
Card_file_24x24,card-file-24x24,"file,24x24,card",files,Card File 24X24 icon
Cash_register_24x24,cash-register-24x24,"register,24x24,cash",ui,Cash Register 24X24 icon
Cat_24x24,cat-24x24,"24x24,cat",ui,Cat 24X24 icon
CD_24x24,cd-24x24,"24x24,cd",ui,Cd 24X24 icon
Certificate_24x24,certificate-24x24,"24x24,certificate",security,Certificate 24X24 icon
Clien_list_24x24,clien-list-24x24,"list,clien,24x24",ui,Clien List 24X24 icon
Clipboard_24x24,clipboard-24x24,"24x24,clipboard",ui,Clipboard 24X24 icon
Clock_24x24,clock-24x24,"clock,24x24",security,Clock 24X24 icon
Closed_door_24x24,closed-door-24x24,"door,closed,24x24",ui,Closed Door 24X24 icon
Closed_folder_24x24,closed-folder-24x24,"closed,24x24,folder",files,Closed Folder 24X24 icon
Close_24x24,close-24x24,"24x24,close",ui,Close 24X24 icon
Coin_24x24,coin-24x24,"coin,24x24",ui,Coin 24X24 icon
Coins_24x24,coins-24x24,"coins,24x24",ui,Coins 24X24 icon
Color_wheel_24x24,color-wheel-24x24,"color,24x24,wheel",ui,Color Wheel 24X24 icon
Comment_24x24,comment-24x24,"comment,24x24",ui,Comment 24X24 icon
Comments_24x24,comments-24x24,"24x24,comments",ui,Comments 24X24 icon
Company_24x24,company-24x24,"company,24x24",ui,Company 24X24 icon
Compass_20x20,compass-20x20,"20x20,compass",ui,Compass 20X20 icon
Component_24x24,component-24x24,"component,24x24",ui,Component 24X24 icon
Computer_24x24,computer-24x24,"24x24,computer",ui,Computer 24X24 icon
Conference_24x24,conference-24x24,"24x24,conference",ui,Conference 24X24 icon
Connect_24x24,connect-24x24,"connect,24x24",ui,Connect 24X24 icon
Construction_24x24,construction-24x24,"24x24,construction",ui,Construction 24X24 icon
Contrast_24x24,contrast-24x24,"contrast,24x24",ui,Contrast 24X24 icon
Control_panel_24x24,control-panel-24x24,"panel,24x24,control",ui,Control Panel 24X24 icon
Copy_24x24,copy-24x24,"copy,24x24",ui,Copy 24X24 icon
Create_24x24,create-24x24,"create,24x24",ui,Create 24X24 icon
Cut_24x24,cut-24x24,"24x24,cut",ui,Cut 24X24 icon
Danger_24x24,danger-24x24,"24x24,danger",ui,Danger 24X24 icon
Database_24x24,database-24x24,"database,24x24",development,Database 24X24 icon
Date_24x24,date-24x24,"24x24,date",ui,Date 24X24 icon
Delete_24x24,delete-24x24,"delete,24x24",ui,Delete 24X24 icon
Delivery_24x24,delivery-24x24,"24x24,delivery",ui,Delivery 24X24 icon
Desktop_24x24,desktop-24x24,"24x24,desktop",ui,Desktop 24X24 icon
Diagram_24x24,diagram-24x24,"24x24,diagram",ui,Diagram 24X24 icon
Dial_24x24,dial-24x24,"24x24,dial",ui,Dial 24X24 icon
Dice_24x24,dice-24x24,"dice,24x24",ui,Dice 24X24 icon
Disaster_24x24,disaster-24x24,"24x24,disaster",ui,Disaster 24X24 icon
Disconnect_24x24,disconnect-24x24,"24x24,disconnect",ui,Disconnect 24X24 icon
Display_24x24,display-24x24,"display,24x24",ui,Display 24X24 icon
Document_24x24,document-24x24,"24x24,document",files,Document 24X24 icon
Documents_24x24,documents-24x24,"24x24,documents",files,Documents 24X24 icon
Dog_24x24,dog-24x24,"dog,24x24",ui,Dog 24X24 icon
Dollar_24x24,dollar-24x24,"24x24,dollar",ui,Dollar 24X24 icon
Door_24x24,door-24x24,"door,24x24",ui,Door 24X24 icon
Down_24x24,down-24x24,"24x24,down",ui,Down 24X24 icon
Download_24x24,download-24x24,"24x24,download",ui,Download 24X24 icon
Downloads_folder_24x24,downloads-folder-24x24,"downloads,24x24,folder",files,Downloads Folder 24X24 icon
Edit_24x24,edit-24x24,"24x24,edit",ui,Edit 24X24 icon
Eject_24x24,eject-24x24,"eject,24x24",ui,Eject 24X24 icon
E-mail_24x24,e-mail-24x24,"24x24,e,mail",ui,E Mail 24X24 icon
Equipment_24x24,equipment-24x24,"equipment,24x24",ui,Equipment 24X24 icon
Erase_24x24,erase-24x24,"24x24,erase",ui,Erase 24X24 icon
Error_24x24,error-24x24,"24x24,error",ui,Error 24X24 icon
Euro_24x24,euro-24x24,"euro,24x24",ui,Euro 24X24 icon
Exit_button_24x24,exit-button-24x24,"button,24x24,exit",ui,Exit Button 24X24 icon
Exit_24x24,exit-24x24,"24x24,exit",ui,Exit 24X24 icon
Expand_24x24,expand-24x24,"24x24,expand",ui,Expand 24X24 icon
Eye_24x24,eye-24x24,"24x24,eye",ui,Eye 24X24 icon
Fall_24x24,fall-24x24,"24x24,fall",ui,Fall 24X24 icon
Fast-forward_24x24,fast-forward-24x24,"forward,24x24,fast",ui,Fast Forward 24X24 icon
Favourites_24x24,favourites-24x24,"24x24,favourites",ui,Favourites 24X24 icon
Fax_24x24,fax-24x24,"fax,24x24",ui,Fax 24X24 icon
Female_24x24,female-24x24,"24x24,female",ui,Female 24X24 icon
Female_symbol_24x24,female-symbol-24x24,"symbol,24x24,female",ui,Female Symbol 24X24 icon
Film_24x24,film-24x24,"24x24,film",ui,Film 24X24 icon
Filter_24x24,filter-24x24,"filter,24x24",ui,Filter 24X24 icon
First_24x24,first-24x24,"24x24,first",ui,First 24X24 icon
First_record_24x24,first-record-24x24,"24x24,first,record",ui,First Record 24X24 icon
Flag_24x24,flag-24x24,"24x24,flag",ui,Flag 24X24 icon
Flash_drive_24x24,flash-drive-24x24,"flash,drive,24x24",ui,Flash Drive 24X24 icon
Flow_block_24x24,flow-block-24x24,"block,24x24,flow",security,Flow Block 24X24 icon
Folder_24x24,folder-24x24,"24x24,folder",files,Folder 24X24 icon
Forbidden_24x24,forbidden-24x24,"24x24,forbidden",ui,Forbidden 24X24 icon
Forward_24x24,forward-24x24,"forward,24x24",ui,Forward 24X24 icon
Free_bsd_24x24,free-bsd-24x24,"free,24x24,bsd",ui,Free Bsd 24X24 icon
Free_24x24,free-24x24,"free,24x24",ui,Free 24X24 icon
Friends_24x24,friends-24x24,"24x24,friends",ui,Friends 24X24 icon
Full_basket_24x24,full-basket-24x24,"24x24,full,basket",ui,Full Basket 24X24 icon
Full_trash_can_20x20,full-trash-can-20x20,"20x20,can,full,trash",ui,Full Trash Can 20X20 icon
Funny_24x24,funny-24x24,"24x24,funny",ui,Funny 24X24 icon
Game_controller_24x24,game-controller-24x24,"controller,game,24x24",ui,Game Controller 24X24 icon
Gear_24x24,gear-24x24,"gear,24x24",tools,Gear 24X24 icon
Genealogy_24x24,genealogy-24x24,"24x24,genealogy",ui,Genealogy 24X24 icon
Gift_24x24,gift-24x24,"24x24,gift",ui,Gift 24X24 icon
Girl_24x24,girl-24x24,"24x24,girl",ui,Girl 24X24 icon
Globe_24x24,globe-24x24,"24x24,globe",network,Globe 24X24 icon
Go_back_24x24,go-back-24x24,"24x24,go,back",ui,Go Back 24X24 icon
Go_forward_24x24,go-forward-24x24,"24x24,forward,go",ui,Go Forward 24X24 icon
Go_24x24,go-24x24,"24x24,go",ui,Go 24X24 icon
Good_mark_24x24,good-mark-24x24,"mark,good,24x24",ui,Good Mark 24X24 icon
Green_bookmark_24x24,green-bookmark-24x24,"green,24x24,bookmark",files,Green Bookmark 24X24 icon
Green_pin_24x24,green-pin-24x24,"green,24x24,pin",ui,Green Pin 24X24 icon
Green_tag_24x24,green-tag-24x24,"green,tag,24x24",ui,Green Tag 24X24 icon
Handshake_24x24,handshake-24x24,"24x24,handshake",ui,Handshake 24X24 icon
Hard_disk_24x24,hard-disk-24x24,"hard,disk,24x24",ui,Hard Disk 24X24 icon
Heart_24x24,heart-24x24,"24x24,heart",ui,Heart 24X24 icon
Help_book_3d_24x24,help-book-3d-24x24,"24x24,help,3d,book",files,Help Book 3D 24X24 icon
Help_book_24x24,help-book-24x24,"help,24x24,book",files,Help Book 24X24 icon
Help_24x24,help-24x24,"help,24x24",ui,Help 24X24 icon
Hierarchy_24x24,hierarchy-24x24,"24x24,hierarchy",ui,Hierarchy 24X24 icon
Hint_24x24,hint-24x24,"24x24,hint",ui,Hint 24X24 icon
History_24x24,history-24x24,"24x24,history",ui,History 24X24 icon
Home_24x24,home-24x24,"home,24x24",ui,Home 24X24 icon
Hourglass_24x24,hourglass-24x24,"hourglass,24x24",ui,Hourglass 24X24 icon
How-to_24x24,how-to-24x24,"to,24x24,how",ui,How To 24X24 icon
Hungup_24x24,hungup-24x24,"hungup,24x24",ui,Hungup 24X24 icon
Info_24x24,info-24x24,"info,24x24",ui,Info 24X24 icon
Key_24x24,key-24x24,"24x24,key",security,Key 24X24 icon
Label_24x24,label-24x24,"24x24,label",ui,Label 24X24 icon
Last_24x24,last-24x24,"last,24x24",ui,Last 24X24 icon
Last_recor_24x24,last-recor-24x24,"last,24x24,recor",ui,Last Recor 24X24 icon
Left_24x24,left-24x24,"24x24,left",ui,Left 24X24 icon
Left-right_24x24,left-right-24x24,"24x24,right,left",ui,Left Right 24X24 icon
Letter_24x24,letter-24x24,"24x24,letter",ui,Letter 24X24 icon
Lightning_24x24,lightning-24x24,"24x24,lightning",ui,Lightning 24X24 icon
Liner_24x24,liner-24x24,"24x24,liner",ui,Liner 24X24 icon
Linux_24x24,linux-24x24,"linux,24x24",ui,Linux 24X24 icon
List_24x24,list-24x24,"list,24x24",ui,List 24X24 icon
Lists_24x24,lists-24x24,"lists,24x24",ui,Lists 24X24 icon
Load_24x24,load-24x24,"load,24x24",ui,Load 24X24 icon
Lock_24x24,lock-24x24,"lock,24x24",security,Lock 24X24 icon
Login_24x24,login-24x24,"24x24,login",ui,Login 24X24 icon
Low_rating_24x24,low-rating-24x24,"24x24,low,rating",ui,Low Rating 24X24 icon
Magic_wand_24x24,magic-wand-24x24,"magic,24x24,wand",ui,Magic Wand 24X24 icon
Mail_24x24,mail-24x24,"24x24,mail",ui,Mail 24X24 icon
Male_24x24,male-24x24,"male,24x24",ui,Male 24X24 icon
Male_symbol_24x24,male-symbol-24x24,"male,symbol,24x24",ui,Male Symbol 24X24 icon
Medium_rating_24x24,medium-rating-24x24,"rating,24x24,medium",ui,Medium Rating 24X24 icon
Message_24x24,message-24x24,"24x24,message",ui,Message 24X24 icon
Microsoft_24x24,microsoft-24x24,"24x24,microsoft",ui,Microsoft 24X24 icon
Mobile_phone_24x24,mobile-phone-24x24,"phone,24x24,mobile",ui,Mobile Phone 24X24 icon
Mobile-phone_24x24,mobile-phone-24x24,"phone,24x24,mobile",ui,Mobile Phone 24X24 icon
Modify_24x24,modify-24x24,"modify,24x24",ui,Modify 24X24 icon
Money_24x24,money-24x24,"24x24,money",ui,Money 24X24 icon
Monitor_24x24,monitor-24x24,"24x24,monitor",ui,Monitor 24X24 icon
Mouse_24x24,mouse-24x24,"24x24,mouse",ui,Mouse 24X24 icon
Move_24x24,move-24x24,"move,24x24",ui,Move 24X24 icon
Movie_24x24,movie-24x24,"24x24,movie",ui,Movie 24X24 icon
Music_24x24,music-24x24,"music,24x24",ui,Music 24X24 icon
Mute_24x24,mute-24x24,"24x24,mute",ui,Mute 24X24 icon
Network_connection_24x24,network-connection-24x24,"network,24x24,connection",network,Network Connection 24X24 icon
New_document_24x24,new-document-24x24,"24x24,new,document",files,New Document 24X24 icon
New_24x24,new-24x24,"24x24,new",ui,New 24X24 icon
Next_24x24,next-24x24,"next,24x24",ui,Next 24X24 icon
Next_track_24x24,next-track-24x24,"next,24x24,track",ui,Next Track 24X24 icon
No-entry_24x24,no-entry-24x24,"24x24,entry,no",ui,No Entry 24X24 icon
No_24x24,no-24x24,"24x24,no",ui,No 24X24 icon
Notes_24x24,notes-24x24,"24x24,notes",ui,Notes 24X24 icon
Numbered_list_24x24,numbered-list-24x24,"list,24x24,numbered",ui,Numbered List 24X24 icon
Open_book_24x24,open-book-24x24,"open,24x24,book",files,Open Book 24X24 icon
Open_door_24x24,open-door-24x24,"open,door,24x24",ui,Open Door 24X24 icon
Open_folder_24x24,open-folder-24x24,"open,24x24,folder",files,Open Folder 24X24 icon
Open_letter_24x24,open-letter-24x24,"open,24x24,letter",ui,Open Letter 24X24 icon
Open_lock_24x24,open-lock-24x24,"open,lock,24x24",security,Open Lock 24X24 icon
Pause_24x24,pause-24x24,"24x24,pause",ui,Pause 24X24 icon
Payment_24x24,payment-24x24,"24x24,payment",ui,Payment 24X24 icon
Peace_24x24,peace-24x24,"24x24,peace",ui,Peace 24X24 icon
People_24x24,people-24x24,"24x24,people",ui,People 24X24 icon
Percent_24x24,percent-24x24,"24x24,percent",ui,Percent 24X24 icon
Person_24x24,person-24x24,"person,24x24",ui,Person 24X24 icon
Pets_24x24,pets-24x24,"24x24,pets",ui,Pets 24X24 icon
Phone_24x24,phone-24x24,"phone,24x24",ui,Phone 24X24 icon
Phone_number_24x24,phone-number-24x24,"24x24,phone,number",ui,Phone Number 24X24 icon
Picture_24x24,picture-24x24,"picture,24x24",ui,Picture 24X24 icon
Pie_chart_24x24,pie-chart-24x24,"pie,24x24,chart",ui,Pie Chart 24X24 icon
Piggy_bank_24x24,piggy-bank-24x24,"piggy,24x24,bank",ui,Piggy Bank 24X24 icon
Piggy_24x24,piggy-24x24,"piggy,24x24",ui,Piggy 24X24 icon
Pinion_24x24,pinion-24x24,"24x24,pinion",ui,Pinion 24X24 icon
Playback_24x24,playback-24x24,"24x24,playback",ui,Playback 24X24 icon
Play_24x24,play-24x24,"24x24,play",ui,Play 24X24 icon
Play-music_24x24,play-music-24x24,"music,24x24,play",ui,Play Music 24X24 icon
Pointer_24x24,pointer-24x24,"24x24,pointer",ui,Pointer 24X24 icon
Pound_24x24,pound-24x24,"pound,24x24",ui,Pound 24X24 icon
Previous_24x24,previous-24x24,"24x24,previous",ui,Previous 24X24 icon
Previous_record_24x24,previous-record-24x24,"record,24x24,previous",ui,Previous Record 24X24 icon
Printer_24x24,printer-24x24,"24x24,printer",ui,Printer 24X24 icon
Print_24x24,print-24x24,"24x24,print",ui,Print 24X24 icon
Print_preview_24x24,print-preview-24x24,"preview,24x24,print",ui,Print Preview 24X24 icon
Problem_24x24,problem-24x24,"problem,24x24",ui,Problem 24X24 icon
Properties_24x24,properties-24x24,"24x24,properties",ui,Properties 24X24 icon
Question_24x24,question-24x24,"24x24,question",ui,Question 24X24 icon
Radiation_24x24,radiation-24x24,"24x24,radiation",ui,Radiation 24X24 icon
Raise_24x24,raise-24x24,"24x24,raise",ui,Raise 24X24 icon
Record_24x24,record-24x24,"24x24,record",ui,Record 24X24 icon
Red_bookmark_24x24,red-bookmark-24x24,"24x24,bookmark,red",files,Red Bookmark 24X24 icon
Red_mark_24x24,red-mark-24x24,"mark,24x24,red",ui,Red Mark 24X24 icon
Redo_20x20,redo-20x20,"20x20,redo",ui,Redo 20X20 icon
Red_pin_24x24,red-pin-24x24,"24x24,pin,red",ui,Red Pin 24X24 icon
Red_star_24x24,red-star-24x24,"24x24,star,red",ui,Red Star 24X24 icon
Red_tag_24x24,red-tag-24x24,"tag,24x24,red",ui,Red Tag 24X24 icon
Refresh_24x24,refresh-24x24,"24x24,refresh",ui,Refresh 24X24 icon
Remove_from_basket_24x24,remove-from-basket-24x24,"24x24,from,basket,remove",ui,Remove From Basket 24X24 icon
Remove_24x24,remove-24x24,"24x24,remove",ui,Remove 24X24 icon
Repair_24x24,repair-24x24,"24x24,repair",ui,Repair 24X24 icon
Report_24x24,report-24x24,"24x24,report",ui,Report 24X24 icon
Retort_24x24,retort-24x24,"24x24,retort",ui,Retort 24X24 icon
Rewind_24x24,rewind-24x24,"24x24,rewind",ui,Rewind 24X24 icon
Right_24x24,right-24x24,"right,24x24",ui,Right 24X24 icon
Rouble_24x24,rouble-24x24,"24x24,rouble",ui,Rouble 24X24 icon
Sad_24x24,sad-24x24,"24x24,sad",emoji,Sad 24X24 icon
Safe_24x24,safe-24x24,"safe,24x24",ui,Safe 24X24 icon
Save_as_20x20,save-as-20x20,"as,20x20,save",ui,Save As 20X20 icon
Save_24x24,save-24x24,"24x24,save",ui,Save 24X24 icon
Schedule_24x24,schedule-24x24,"schedule,24x24",ui,Schedule 24X24 icon
Script_24x24,script-24x24,"24x24,script",ui,Script 24X24 icon
Scroll_list_24x24,scroll-list-24x24,"list,24x24,scroll",ui,Scroll List 24X24 icon
Search_24x24,search-24x24,"search,24x24",ui,Search 24X24 icon
Shield_24x24,shield-24x24,"24x24,shield",security,Shield 24X24 icon
Shopping_cart_24x24,shopping-cart-24x24,"24x24,shopping,cart",ui,Shopping Cart 24X24 icon
Silence_24x24,silence-24x24,"silence,24x24",ui,Silence 24X24 icon
Smile_24x24,smile-24x24,"smile,24x24",emoji,Smile 24X24 icon
Software_24x24,software-24x24,"24x24,software",ui,Software 24X24 icon
Sound_24x24,sound-24x24,"24x24,sound",ui,Sound 24X24 icon
Statistics_24x24,statistics-24x24,"statistics,24x24",ui,Statistics 24X24 icon
Stock_graph_24x24,stock-graph-24x24,"24x24,graph,stock",ui,Stock Graph 24X24 icon
Stop_24x24,stop-24x24,"24x24,stop",ui,Stop 24X24 icon
Stop_sign_24x24,stop-sign-24x24,"sign,24x24,stop",ui,Stop Sign 24X24 icon
Stopwatch_24x24,stopwatch-24x24,"24x24,stopwatch",ui,Stopwatch 24X24 icon
Sum_24x24,sum-24x24,"sum,24x24",ui,Sum 24X24 icon
Sync_24x24,sync-24x24,"sync,24x24",ui,Sync 24X24 icon
Table_24x24,table-24x24,"table,24x24",ui,Table 24X24 icon
Target_24x24,target-24x24,"24x24,target",ui,Target 24X24 icon
Task_list_24x24,task-list-24x24,"list,24x24,task",ui,Task List 24X24 icon
Taxi_24x24,taxi-24x24,"24x24,taxi",ui,Taxi 24X24 icon
Telephone_24x24,telephone-24x24,"telephone,24x24",ui,Telephone 24X24 icon
Terminate_24x24,terminate-24x24,"24x24,terminate",ui,Terminate 24X24 icon
Text_24x24,text-24x24,"text,24x24",files,Text 24X24 icon
Text_preview_24x24,text-preview-24x24,"preview,text,24x24",files,Text Preview 24X24 icon
Thumbs_down_24x24,thumbs-down-24x24,"thumbs,24x24,down",ui,Thumbs Down 24X24 icon
Thumbs_up_24x24,thumbs-up-24x24,"thumbs,24x24,up",ui,Thumbs Up 24X24 icon
Tick_24x24,tick-24x24,"tick,24x24",ui,Tick 24X24 icon
To_do_list_24x24,to-do-list-24x24,"to,list,do,24x24",ui,To Do List 24X24 icon
Toolbox_24x24,toolbox-24x24,"24x24,toolbox",tools,Toolbox 24X24 icon
Trackback_24x24,trackback-24x24,"trackback,24x24",ui,Trackback 24X24 icon
Trash_24x24,trash-24x24,"24x24,trash",ui,Trash 24X24 icon
Tune_24x24,tune-24x24,"24x24,tune",ui,Tune 24X24 icon
Turn_off_24x24,turn-off-24x24,"24x24,off,turn",ui,Turn Off 24X24 icon
Twitter_24x24,twitter-24x24,"twitter,24x24",ui,Twitter 24X24 icon
Undo_24x24,undo-24x24,"24x24,undo",ui,Undo 24X24 icon
Unknown_person_24x24,unknown-person-24x24,"person,24x24,unknown",ui,Unknown Person 24X24 icon
Unlock_24x24,unlock-24x24,"24x24,unlock",security,Unlock 24X24 icon
Unordered_list_24x24,unordered-list-24x24,"list,24x24,unordered",ui,Unordered List 24X24 icon
Update_24x24,update-24x24,"24x24,update",ui,Update 24X24 icon
Up-down_24x24,up-down-24x24,"24x24,down,up",ui,Up Down 24X24 icon
Up_24x24,up-24x24,"24x24,up",ui,Up 24X24 icon
Upload_24x24,upload-24x24,"upload,24x24",ui,Upload 24X24 icon
User_24x24,user-24x24,"24x24,user",ui,User 24X24 icon
User_group_24x24,user-group-24x24,"group,24x24,user",ui,User Group 24X24 icon
Users_24x24,users-24x24,"users,24x24",ui,Users 24X24 icon
View_24x24,view-24x24,"24x24,view",ui,View 24X24 icon
Volume_24x24,volume-24x24,"24x24,volume",ui,Volume 24X24 icon
Wallet_24x24,wallet-24x24,"24x24,wallet",ui,Wallet 24X24 icon
Weather_24x24,weather-24x24,"weather,24x24",ui,Weather 24X24 icon
Wind_rose_20x20,wind-rose-20x20,"rose,20x20,wind",ui,Wind Rose 20X20 icon
Wireless_24x24,wireless-24x24,"24x24,wireless",ui,Wireless 24X24 icon
Wizard_24x24,wizard-24x24,"24x24,wizard",ui,Wizard 24X24 icon
Wrench_24x24,wrench-24x24,"wrench,24x24",tools,Wrench 24X24 icon
Yellow_bookmark_24x24,yellow-bookmark-24x24,"24x24,bookmark,yellow",files,Yellow Bookmark 24X24 icon
Yellow_pin_24x24,yellow-pin-24x24,"24x24,pin,yellow",ui,Yellow Pin 24X24 icon
Yellow_tag_24x24,yellow-tag-24x24,"tag,24x24,yellow",ui,Yellow Tag 24X24 icon
Yen_24x24,yen-24x24,"24x24,yen",ui,Yen 24X24 icon
Yes_24x24,yes-24x24,"24x24,yes",ui,Yes 24X24 icon
Zoom_24x24,zoom-24x24,"zoom,24x24",ui,Zoom 24X24 icon
Zoom_in_24x24,zoom-in-24x24,"zoom,24x24,in",ui,Zoom In 24X24 icon
Zoom_out_24x24,zoom-out-24x24,"zoom,24x24,out",ui,Zoom Out 24X24 icon
